C:\Users\PC\Documents\micro\IMG\center_2025_08_06_10_23_41_877.jpg,C:\Users\PC\Documents\micro\IMG\left_2025_08_06_10_23_41_877.jpg,C:\Users\PC\Documents\micro\IMG\right_2025_08_06_10_23_41_877.jpg,0,0,0,11.16363
C:\Users\PC\Documents\micro\IMG\center_2025_08_06_10_23_41_906.jpg,C:\Users\PC\Documents\micro\IMG\left_2025_08_06_10_23_41_906.jpg,C:\Users\PC\Documents\micro\IMG\right_2025_08_06_10_23_41_906.jpg,0,0,0,11.16133
C:\Users\PC\Documents\micro\IMG\center_2025_08_06_10_23_42_086.jpg,C:\Users\PC\Documents\micro\IMG\left_2025_08_06_10_23_42_086.jpg,C:\Users\PC\Documents\micro\IMG\right_2025_08_06_10_23_42_086.jpg,-0.4,0.4977129,0,11.45875
C:\Users\PC\Documents\micro\IMG\center_2025_08_06_10_23_42_698.jpg,C:\Users\PC\Documents\micro\IMG\left_2025_08_06_10_23_42_698.jpg,C:\Users\PC\Documents\micro\IMG\right_2025_08_06_10_23_42_698.jpg,0,0,0,11.66448
C:\Users\PC\Documents\micro\IMG\center_2025_08_06_10_23_42_726.jpg,C:\Users\PC\Documents\micro\IMG\left_2025_08_06_10_23_42_726.jpg,C:\Users\PC\Documents\micro\IMG\right_2025_08_06_10_23_42_726.jpg,0,0,0,11.23334
C:\Users\PC\Documents\micro\IMG\center_2025_08_06_10_23_42_896.jpg,C:\Users\PC\Documents\micro\IMG\left_2025_08_06_10_23_42_896.jpg,C:\Users\PC\Documents\micro\IMG\right_2025_08_06_10_23_42_896.jpg,0,0,0,11.0187
C:\Users\PC\Documents\micro\IMG\center_2025_08_06_10_23_43_097.jpg,C:\Users\PC\Documents\micro\IMG\left_2025_08_06_10_23_43_097.jpg,C:\Users\PC\Documents\micro\IMG\right_2025_08_06_10_23_43_097.jpg,0,0,0,10.79861
C:\Users\PC\Documents\micro\IMG\center_2025_08_06_10_23_43_291.jpg,C:\Users\PC\Documents\micro\IMG\left_2025_08_06_10_23_43_291.jpg,C:\Users\PC\Documents\micro\IMG\right_2025_08_06_10_23_43_291.jpg,0,0,0,10.58292
C:\Users\PC\Documents\micro\IMG\center_2025_08_06_10_23_43_485.jpg,C:\Users\PC\Documents\micro\IMG\left_2025_08_06_10_23_43_485.jpg,C:\Users\PC\Documents\micro\IMG\right_2025_08_06_10_23_43_485.jpg,0,0,0,10.39248
C:\Users\PC\Documents\micro\IMG\center_2025_08_06_10_23_43_696.jpg,C:\Users\PC\Documents\micro\IMG\left_2025_08_06_10_23_43_696.jpg,C:\Users\PC\Documents\micro\IMG\right_2025_08_06_10_23_43_696.jpg,0,0,0,10.16438
C:\Users\PC\Documents\micro\IMG\center_2025_08_06_10_23_43_904.jpg,C:\Users\PC\Documents\micro\IMG\left_2025_08_06_10_23_43_904.jpg,C:\Users\PC\Documents\micro\IMG\right_2025_08_06_10_23_43_904.jpg,-0.5000001,0.6174834,0,11.31161
C:\Users\PC\Documents\micro\IMG\center_2025_08_06_10_23_44_110.jpg,C:\Users\PC\Documents\micro\IMG\left_2025_08_06_10_23_44_110.jpg,C:\Users\PC\Documents\micro\IMG\right_2025_08_06_10_23_44_110.jpg,0,0.01573741,0,11.14106
C:\Users\PC\Documents\micro\IMG\center_2025_08_06_10_23_44_301.jpg,C:\Users\PC\Documents\micro\IMG\left_2025_08_06_10_23_44_301.jpg,C:\Users\PC\Documents\micro\IMG\right_2025_08_06_10_23_44_301.jpg,0,0,0,10.9197
C:\Users\PC\Documents\micro\IMG\center_2025_08_06_10_23_44_493.jpg,C:\Users\PC\Documents\micro\IMG\left_2025_08_06_10_23_44_493.jpg,C:\Users\PC\Documents\micro\IMG\right_2025_08_06_10_23_44_493.jpg,0,0,0,10.69936
C:\Users\PC\Documents\micro\IMG\center_2025_08_06_10_23_44_694.jpg,C:\Users\PC\Documents\micro\IMG\left_2025_08_06_10_23_44_694.jpg,C:\Users\PC\Documents\micro\IMG\right_2025_08_06_10_23_44_694.jpg,0,0,0,10.48342
C:\Users\PC\Documents\micro\IMG\center_2025_08_06_10_23_44_898.jpg,C:\Users\PC\Documents\micro\IMG\left_2025_08_06_10_23_44_898.jpg,C:\Users\PC\Documents\micro\IMG\right_2025_08_06_10_23_44_898.jpg,-0.5000001,0,0,10.19059
C:\Users\PC\Documents\micro\IMG\center_2025_08_06_10_23_45_110.jpg,C:\Users\PC\Documents\micro\IMG\left_2025_08_06_10_23_45_110.jpg,C:\Users\PC\Documents\micro\IMG\right_2025_08_06_10_23_45_110.jpg,-1,0.6354207,0,11.19587
C:\Users\PC\Documents\micro\IMG\center_2025_08_06_10_23_45_316.jpg,C:\Users\PC\Documents\micro\IMG\left_2025_08_06_10_23_45_316.jpg,C:\Users\PC\Documents\micro\IMG\right_2025_08_06_10_23_45_316.jpg,0,0.01881838,0,10.86103
C:\Users\PC\Documents\micro\IMG\center_2025_08_06_10_23_45_514.jpg,C:\Users\PC\Documents\micro\IMG\left_2025_08_06_10_23_45_514.jpg,C:\Users\PC\Documents\micro\IMG\right_2025_08_06_10_23_45_514.jpg,0,0,0,10.64302
C:\Users\PC\Documents\micro\IMG\center_2025_08_06_10_23_45_721.jpg,C:\Users\PC\Documents\micro\IMG\left_2025_08_06_10_23_45_721.jpg,C:\Users\PC\Documents\micro\IMG\right_2025_08_06_10_23_45_721.jpg,0,0,0,10.42782
C:\Users\PC\Documents\micro\IMG\center_2025_08_06_10_23_45_937.jpg,C:\Users\PC\Documents\micro\IMG\left_2025_08_06_10_23_45_937.jpg,C:\Users\PC\Documents\micro\IMG\right_2025_08_06_10_23_45_937.jpg,-0.5500001,0.6465489,0,11.36413
C:\Users\PC\Documents\micro\IMG\center_2025_08_06_10_23_46_150.jpg,C:\Users\PC\Documents\micro\IMG\left_2025_08_06_10_23_46_150.jpg,C:\Users\PC\Documents\micro\IMG\right_2025_08_06_10_23_46_150.jpg,-1,1,0,13.57337
C:\Users\PC\Documents\micro\IMG\center_2025_08_06_10_23_46_363.jpg,C:\Users\PC\Documents\micro\IMG\left_2025_08_06_10_23_46_363.jpg,C:\Users\PC\Documents\micro\IMG\right_2025_08_06_10_23_46_363.jpg,0,0.361481,0,14.11127
C:\Users\PC\Documents\micro\IMG\center_2025_08_06_10_23_46_570.jpg,C:\Users\PC\Documents\micro\IMG\left_2025_08_06_10_23_46_570.jpg,C:\Users\PC\Documents\micro\IMG\right_2025_08_06_10_23_46_570.jpg,0,0,0,13.9116
C:\Users\PC\Documents\micro\IMG\center_2025_08_06_10_23_46_783.jpg,C:\Users\PC\Documents\micro\IMG\left_2025_08_06_10_23_46_783.jpg,C:\Users\PC\Documents\micro\IMG\right_2025_08_06_10_23_46_783.jpg,0,0,0,13.2716
C:\Users\PC\Documents\micro\IMG\center_2025_08_06_10_23_46_995.jpg,C:\Users\PC\Documents\micro\IMG\left_2025_08_06_10_23_46_995.jpg,C:\Users\PC\Documents\micro\IMG\right_2025_08_06_10_23_46_995.jpg,0,0,0,13.08343
C:\Users\PC\Documents\micro\IMG\center_2025_08_06_10_23_47_204.jpg,C:\Users\PC\Documents\micro\IMG\left_2025_08_06_10_23_47_204.jpg,C:\Users\PC\Documents\micro\IMG\right_2025_08_06_10_23_47_204.jpg,0,0,0,12.97733
C:\Users\PC\Documents\micro\IMG\center_2025_08_06_10_23_47_422.jpg,C:\Users\PC\Documents\micro\IMG\left_2025_08_06_10_23_47_422.jpg,C:\Users\PC\Documents\micro\IMG\right_2025_08_06_10_23_47_422.jpg,0,0,0,12.44429
C:\Users\PC\Documents\micro\IMG\center_2025_08_06_10_23_47_632.jpg,C:\Users\PC\Documents\micro\IMG\left_2025_08_06_10_23_47_632.jpg,C:\Users\PC\Documents\micro\IMG\right_2025_08_06_10_23_47_632.jpg,0,0,0,12.16447
C:\Users\PC\Documents\micro\IMG\center_2025_08_06_10_23_47_849.jpg,C:\Users\PC\Documents\micro\IMG\left_2025_08_06_10_23_47_849.jpg,C:\Users\PC\Documents\micro\IMG\right_2025_08_06_10_23_47_849.jpg,0,0,0,12.2171
C:\Users\PC\Documents\micro\IMG\center_2025_08_06_10_23_48_067.jpg,C:\Users\PC\Documents\micro\IMG\left_2025_08_06_10_23_48_067.jpg,C:\Users\PC\Documents\micro\IMG\right_2025_08_06_10_23_48_067.jpg,0,0.6572661,0,13.6355
C:\Users\PC\Documents\micro\IMG\center_2025_08_06_10_23_48_283.jpg,C:\Users\PC\Documents\micro\IMG\left_2025_08_06_10_23_48_283.jpg,C:\Users\PC\Documents\micro\IMG\right_2025_08_06_10_23_48_283.jpg,0,0.01446158,0,13.21015
C:\Users\PC\Documents\micro\IMG\center_2025_08_06_10_23_48_486.jpg,C:\Users\PC\Documents\micro\IMG\left_2025_08_06_10_23_48_486.jpg,C:\Users\PC\Documents\micro\IMG\right_2025_08_06_10_23_48_486.jpg,0,0,0,12.87104
C:\Users\PC\Documents\micro\IMG\center_2025_08_06_10_23_48_697.jpg,C:\Users\PC\Documents\micro\IMG\left_2025_08_06_10_23_48_697.jpg,C:\Users\PC\Documents\micro\IMG\right_2025_08_06_10_23_48_697.jpg,0,0,0,12.82336
C:\Users\PC\Documents\micro\IMG\center_2025_08_06_10_23_48_906.jpg,C:\Users\PC\Documents\micro\IMG\left_2025_08_06_10_23_48_906.jpg,C:\Users\PC\Documents\micro\IMG\right_2025_08_06_10_23_48_906.jpg,0,0,0,12.5653
C:\Users\PC\Documents\micro\IMG\center_2025_08_06_10_23_49_123.jpg,C:\Users\PC\Documents\micro\IMG\left_2025_08_06_10_23_49_123.jpg,C:\Users\PC\Documents\micro\IMG\right_2025_08_06_10_23_49_123.jpg,0,0,0,12.0493
C:\Users\PC\Documents\micro\IMG\center_2025_08_06_10_23_49_332.jpg,C:\Users\PC\Documents\micro\IMG\left_2025_08_06_10_23_49_332.jpg,C:\Users\PC\Documents\micro\IMG\right_2025_08_06_10_23_49_332.jpg,0,0,0,11.80709
C:\Users\PC\Documents\micro\IMG\center_2025_08_06_10_23_49_540.jpg,C:\Users\PC\Documents\micro\IMG\left_2025_08_06_10_23_49_540.jpg,C:\Users\PC\Documents\micro\IMG\right_2025_08_06_10_23_49_540.jpg,-0.5500001,0,0,11.6791
C:\Users\PC\Documents\micro\IMG\center_2025_08_06_10_23_49_778.jpg,C:\Users\PC\Documents\micro\IMG\left_2025_08_06_10_23_49_778.jpg,C:\Users\PC\Documents\micro\IMG\right_2025_08_06_10_23_49_778.jpg,0,0,0,11.47939
C:\Users\PC\Documents\micro\IMG\center_2025_08_06_10_23_49_969.jpg,C:\Users\PC\Documents\micro\IMG\left_2025_08_06_10_23_49_969.jpg,C:\Users\PC\Documents\micro\IMG\right_2025_08_06_10_23_49_969.jpg,0,0,0,11.10409
C:\Users\PC\Documents\micro\IMG\center_2025_08_06_10_23_50_172.jpg,C:\Users\PC\Documents\micro\IMG\left_2025_08_06_10_23_50_172.jpg,C:\Users\PC\Documents\micro\IMG\right_2025_08_06_10_23_50_172.jpg,0,0,0,10.86037
C:\Users\PC\Documents\micro\IMG\center_2025_08_06_10_23_50_389.jpg,C:\Users\PC\Documents\micro\IMG\left_2025_08_06_10_23_50_389.jpg,C:\Users\PC\Documents\micro\IMG\right_2025_08_06_10_23_50_389.jpg,0,0,0,10.64343
C:\Users\PC\Documents\micro\IMG\center_2025_08_06_10_23_50_608.jpg,C:\Users\PC\Documents\micro\IMG\left_2025_08_06_10_23_50_608.jpg,C:\Users\PC\Documents\micro\IMG\right_2025_08_06_10_23_50_608.jpg,0,0,0,10.40973
C:\Users\PC\Documents\micro\IMG\center_2025_08_06_10_23_50_826.jpg,C:\Users\PC\Documents\micro\IMG\left_2025_08_06_10_23_50_826.jpg,C:\Users\PC\Documents\micro\IMG\right_2025_08_06_10_23_50_826.jpg,0,0,0,10.18125
C:\Users\PC\Documents\micro\IMG\center_2025_08_06_10_23_51_036.jpg,C:\Users\PC\Documents\micro\IMG\left_2025_08_06_10_23_51_036.jpg,C:\Users\PC\Documents\micro\IMG\right_2025_08_06_10_23_51_036.jpg,0,0,0,9.957787
C:\Users\PC\Documents\micro\IMG\center_2025_08_06_10_23_51_242.jpg,C:\Users\PC\Documents\micro\IMG\left_2025_08_06_10_23_51_242.jpg,C:\Users\PC\Documents\micro\IMG\right_2025_08_06_10_23_51_242.jpg,0,0,0,9.758896
C:\Users\PC\Documents\micro\IMG\center_2025_08_06_10_23_51_446.jpg,C:\Users\PC\Documents\micro\IMG\left_2025_08_06_10_23_51_446.jpg,C:\Users\PC\Documents\micro\IMG\right_2025_08_06_10_23_51_446.jpg,-0.5000001,0,0,9.485472
C:\Users\PC\Documents\micro\IMG\center_2025_08_06_10_23_51_649.jpg,C:\Users\PC\Documents\micro\IMG\left_2025_08_06_10_23_51_649.jpg,C:\Users\PC\Documents\micro\IMG\right_2025_08_06_10_23_51_649.jpg,-1,0,0,9.066933
C:\Users\PC\Documents\micro\IMG\center_2025_08_06_10_23_51_867.jpg,C:\Users\PC\Documents\micro\IMG\left_2025_08_06_10_23_51_867.jpg,C:\Users\PC\Documents\micro\IMG\right_2025_08_06_10_23_51_867.jpg,0,0,0,8.700914
C:\Users\PC\Documents\micro\IMG\center_2025_08_06_10_23_52_082.jpg,C:\Users\PC\Documents\micro\IMG\left_2025_08_06_10_23_52_082.jpg,C:\Users\PC\Documents\micro\IMG\right_2025_08_06_10_23_52_082.jpg,0,0,0,8.509652
C:\Users\PC\Documents\micro\IMG\center_2025_08_06_10_23_52_295.jpg,C:\Users\PC\Documents\micro\IMG\left_2025_08_06_10_23_52_295.jpg,C:\Users\PC\Documents\micro\IMG\right_2025_08_06_10_23_52_295.jpg,0,0,0,8.322892
C:\Users\PC\Documents\micro\IMG\center_2025_08_06_10_23_52_504.jpg,C:\Users\PC\Documents\micro\IMG\left_2025_08_06_10_23_52_504.jpg,C:\Users\PC\Documents\micro\IMG\right_2025_08_06_10_23_52_504.jpg,0,0,0,8.156669
C:\Users\PC\Documents\micro\IMG\center_2025_08_06_10_23_52_708.jpg,C:\Users\PC\Documents\micro\IMG\left_2025_08_06_10_23_52_708.jpg,C:\Users\PC\Documents\micro\IMG\right_2025_08_06_10_23_52_708.jpg,0,0.6133071,0,9.430103
C:\Users\PC\Documents\micro\IMG\center_2025_08_06_10_23_52_924.jpg,C:\Users\PC\Documents\micro\IMG\left_2025_08_06_10_23_52_924.jpg,C:\Users\PC\Documents\micro\IMG\right_2025_08_06_10_23_52_924.jpg,0,0,0,9.26897
C:\Users\PC\Documents\micro\IMG\center_2025_08_06_10_23_53_132.jpg,C:\Users\PC\Documents\micro\IMG\left_2025_08_06_10_23_53_132.jpg,C:\Users\PC\Documents\micro\IMG\right_2025_08_06_10_23_53_132.jpg,0,0,0,9.064129
C:\Users\PC\Documents\micro\IMG\center_2025_08_06_10_23_53_353.jpg,C:\Users\PC\Documents\micro\IMG\left_2025_08_06_10_23_53_353.jpg,C:\Users\PC\Documents\micro\IMG\right_2025_08_06_10_23_53_353.jpg,0,0,0,8.865295
C:\Users\PC\Documents\micro\IMG\center_2025_08_06_10_23_53_570.jpg,C:\Users\PC\Documents\micro\IMG\left_2025_08_06_10_23_53_570.jpg,C:\Users\PC\Documents\micro\IMG\right_2025_08_06_10_23_53_570.jpg,0,0,0,8.688911
C:\Users\PC\Documents\micro\IMG\center_2025_08_06_10_23_53_779.jpg,C:\Users\PC\Documents\micro\IMG\left_2025_08_06_10_23_53_779.jpg,C:\Users\PC\Documents\micro\IMG\right_2025_08_06_10_23_53_779.jpg,0,0,0,8.497868
C:\Users\PC\Documents\micro\IMG\center_2025_08_06_10_23_53_992.jpg,C:\Users\PC\Documents\micro\IMG\left_2025_08_06_10_23_53_992.jpg,C:\Users\PC\Documents\micro\IMG\right_2025_08_06_10_23_53_992.jpg,0,0,0,8.310815
C:\Users\PC\Documents\micro\IMG\center_2025_08_06_10_23_54_194.jpg,C:\Users\PC\Documents\micro\IMG\left_2025_08_06_10_23_54_194.jpg,C:\Users\PC\Documents\micro\IMG\right_2025_08_06_10_23_54_194.jpg,0,0,0,8.145456
C:\Users\PC\Documents\micro\IMG\center_2025_08_06_10_23_54_398.jpg,C:\Users\PC\Documents\micro\IMG\left_2025_08_06_10_23_54_398.jpg,C:\Users\PC\Documents\micro\IMG\right_2025_08_06_10_23_54_398.jpg,0,0,0,7.983156
C:\Users\PC\Documents\micro\IMG\center_2025_08_06_10_23_54_644.jpg,C:\Users\PC\Documents\micro\IMG\left_2025_08_06_10_23_54_644.jpg,C:\Users\PC\Documents\micro\IMG\right_2025_08_06_10_23_54_644.jpg,0,0,0,7.792619
C:\Users\PC\Documents\micro\IMG\center_2025_08_06_10_23_54_838.jpg,C:\Users\PC\Documents\micro\IMG\left_2025_08_06_10_23_54_838.jpg,C:\Users\PC\Documents\micro\IMG\right_2025_08_06_10_23_54_838.jpg,0,0,0,7.637259
C:\Users\PC\Documents\micro\IMG\center_2025_08_06_10_23_55_052.jpg,C:\Users\PC\Documents\micro\IMG\left_2025_08_06_10_23_55_052.jpg,C:\Users\PC\Documents\micro\IMG\right_2025_08_06_10_23_55_052.jpg,0,0,0,7.469651
C:\Users\PC\Documents\micro\IMG\center_2025_08_06_10_23_55_268.jpg,C:\Users\PC\Documents\micro\IMG\left_2025_08_06_10_23_55_268.jpg,C:\Users\PC\Documents\micro\IMG\right_2025_08_06_10_23_55_268.jpg,0,0,0,7.32047
C:\Users\PC\Documents\micro\IMG\center_2025_08_06_10_23_55_481.jpg,C:\Users\PC\Documents\micro\IMG\left_2025_08_06_10_23_55_481.jpg,C:\Users\PC\Documents\micro\IMG\right_2025_08_06_10_23_55_481.jpg,0,0,0,7.159813
C:\Users\PC\Documents\micro\IMG\center_2025_08_06_10_23_55_694.jpg,C:\Users\PC\Documents\micro\IMG\left_2025_08_06_10_23_55_694.jpg,C:\Users\PC\Documents\micro\IMG\right_2025_08_06_10_23_55_694.jpg,0,0.6363663,0,8.648688
C:\Users\PC\Documents\micro\IMG\center_2025_08_06_10_23_55_922.jpg,C:\Users\PC\Documents\micro\IMG\left_2025_08_06_10_23_55_922.jpg,C:\Users\PC\Documents\micro\IMG\right_2025_08_06_10_23_55_922.jpg,0,0,0,8.503587
C:\Users\PC\Documents\micro\IMG\center_2025_08_06_10_23_56_135.jpg,C:\Users\PC\Documents\micro\IMG\left_2025_08_06_10_23_56_135.jpg,C:\Users\PC\Documents\micro\IMG\right_2025_08_06_10_23_56_135.jpg,0,0,0,8.316962
C:\Users\PC\Documents\micro\IMG\center_2025_08_06_10_23_56_333.jpg,C:\Users\PC\Documents\micro\IMG\left_2025_08_06_10_23_56_333.jpg,C:\Users\PC\Documents\micro\IMG\right_2025_08_06_10_23_56_333.jpg,0,0,0,8.15086
C:\Users\PC\Documents\micro\IMG\center_2025_08_06_10_23_56_542.jpg,C:\Users\PC\Documents\micro\IMG\left_2025_08_06_10_23_56_542.jpg,C:\Users\PC\Documents\micro\IMG\right_2025_08_06_10_23_56_542.jpg,0,0,0,7.988076
C:\Users\PC\Documents\micro\IMG\center_2025_08_06_10_23_56_746.jpg,C:\Users\PC\Documents\micro\IMG\left_2025_08_06_10_23_56_746.jpg,C:\Users\PC\Documents\micro\IMG\right_2025_08_06_10_23_56_746.jpg,0,0,0,7.828542
C:\Users\PC\Documents\micro\IMG\center_2025_08_06_10_23_56_957.jpg,C:\Users\PC\Documents\micro\IMG\left_2025_08_06_10_23_56_957.jpg,C:\Users\PC\Documents\micro\IMG\right_2025_08_06_10_23_56_957.jpg,0,0,0,7.656732
C:\Users\PC\Documents\micro\IMG\center_2025_08_06_10_23_57_195.jpg,C:\Users\PC\Documents\micro\IMG\left_2025_08_06_10_23_57_195.jpg,C:\Users\PC\Documents\micro\IMG\right_2025_08_06_10_23_57_195.jpg,0,0.7120371,0,9.481198
C:\Users\PC\Documents\micro\IMG\center_2025_08_06_10_23_57_386.jpg,C:\Users\PC\Documents\micro\IMG\left_2025_08_06_10_23_57_386.jpg,C:\Users\PC\Documents\micro\IMG\right_2025_08_06_10_23_57_386.jpg,-0.45,1,0,11.38374
C:\Users\PC\Documents\micro\IMG\center_2025_08_06_10_23_57_596.jpg,C:\Users\PC\Documents\micro\IMG\left_2025_08_06_10_23_57_596.jpg,C:\Users\PC\Documents\micro\IMG\right_2025_08_06_10_23_57_596.jpg,0,0.3727243,0,12.11516
C:\Users\PC\Documents\micro\IMG\center_2025_08_06_10_23_57_806.jpg,C:\Users\PC\Documents\micro\IMG\left_2025_08_06_10_23_57_806.jpg,C:\Users\PC\Documents\micro\IMG\right_2025_08_06_10_23_57_806.jpg,0,0,0,11.61513
C:\Users\PC\Documents\micro\IMG\center_2025_08_06_10_23_58_025.jpg,C:\Users\PC\Documents\micro\IMG\left_2025_08_06_10_23_58_025.jpg,C:\Users\PC\Documents\micro\IMG\right_2025_08_06_10_23_58_025.jpg,0,0,0,11.78113
C:\Users\PC\Documents\micro\IMG\center_2025_08_06_10_23_58_231.jpg,C:\Users\PC\Documents\micro\IMG\left_2025_08_06_10_23_58_231.jpg,C:\Users\PC\Documents\micro\IMG\right_2025_08_06_10_23_58_231.jpg,0,0,0,11.60621
C:\Users\PC\Documents\micro\IMG\center_2025_08_06_10_23_58_444.jpg,C:\Users\PC\Documents\micro\IMG\left_2025_08_06_10_23_58_444.jpg,C:\Users\PC\Documents\micro\IMG\right_2025_08_06_10_23_58_444.jpg,0,0,0,11.08111
C:\Users\PC\Documents\micro\IMG\center_2025_08_06_10_23_58_658.jpg,C:\Users\PC\Documents\micro\IMG\left_2025_08_06_10_23_58_658.jpg,C:\Users\PC\Documents\micro\IMG\right_2025_08_06_10_23_58_658.jpg,0,0,0,10.94375
C:\Users\PC\Documents\micro\IMG\center_2025_08_06_10_23_58_869.jpg,C:\Users\PC\Documents\micro\IMG\left_2025_08_06_10_23_58_869.jpg,C:\Users\PC\Documents\micro\IMG\right_2025_08_06_10_23_58_869.jpg,0,0,0,10.72515
C:\Users\PC\Documents\micro\IMG\center_2025_08_06_10_23_59_110.jpg,C:\Users\PC\Documents\micro\IMG\left_2025_08_06_10_23_59_110.jpg,C:\Users\PC\Documents\micro\IMG\right_2025_08_06_10_23_59_110.jpg,0,0.6404196,0,11.9027
C:\Users\PC\Documents\micro\IMG\center_2025_08_06_10_23_59_338.jpg,C:\Users\PC\Documents\micro\IMG\left_2025_08_06_10_23_59_338.jpg,C:\Users\PC\Documents\micro\IMG\right_2025_08_06_10_23_59_338.jpg,-0.6500001,1,0,14.68762
C:\Users\PC\Documents\micro\IMG\center_2025_08_06_10_23_59_526.jpg,C:\Users\PC\Documents\micro\IMG\left_2025_08_06_10_23_59_526.jpg,C:\Users\PC\Documents\micro\IMG\right_2025_08_06_10_23_59_526.jpg,0,0.4276633,0,15.40281
C:\Users\PC\Documents\micro\IMG\center_2025_08_06_10_23_59_870.jpg,C:\Users\PC\Documents\micro\IMG\left_2025_08_06_10_23_59_870.jpg,C:\Users\PC\Documents\micro\IMG\right_2025_08_06_10_23_59_870.jpg,0,0,0,14.7584
C:\Users\PC\Documents\micro\IMG\center_2025_08_06_10_23_59_963.jpg,C:\Users\PC\Documents\micro\IMG\left_2025_08_06_10_23_59_963.jpg,C:\Users\PC\Documents\micro\IMG\right_2025_08_06_10_23_59_963.jpg,0,0,0,14.84777
C:\Users\PC\Documents\micro\IMG\center_2025_08_06_10_24_00_190.jpg,C:\Users\PC\Documents\micro\IMG\left_2025_08_06_10_24_00_190.jpg,C:\Users\PC\Documents\micro\IMG\right_2025_08_06_10_24_00_190.jpg,0,0,0,14.29003
C:\Users\PC\Documents\micro\IMG\center_2025_08_06_10_24_00_405.jpg,C:\Users\PC\Documents\micro\IMG\left_2025_08_06_10_24_00_405.jpg,C:\Users\PC\Documents\micro\IMG\right_2025_08_06_10_24_00_405.jpg,0,0,0,14.22137
C:\Users\PC\Documents\micro\IMG\center_2025_08_06_10_24_00_614.jpg,C:\Users\PC\Documents\micro\IMG\left_2025_08_06_10_24_00_614.jpg,C:\Users\PC\Documents\micro\IMG\right_2025_08_06_10_24_00_614.jpg,0,0,0,13.92516
C:\Users\PC\Documents\micro\IMG\center_2025_08_06_10_24_00_822.jpg,C:\Users\PC\Documents\micro\IMG\left_2025_08_06_10_24_00_822.jpg,C:\Users\PC\Documents\micro\IMG\right_2025_08_06_10_24_00_822.jpg,0,0,0,13.39071
C:\Users\PC\Documents\micro\IMG\center_2025_08_06_10_24_01_032.jpg,C:\Users\PC\Documents\micro\IMG\left_2025_08_06_10_24_01_032.jpg,C:\Users\PC\Documents\micro\IMG\right_2025_08_06_10_24_01_032.jpg,-0.5000001,0,0,12.95494
C:\Users\PC\Documents\micro\IMG\center_2025_08_06_10_24_01_277.jpg,C:\Users\PC\Documents\micro\IMG\left_2025_08_06_10_24_01_277.jpg,C:\Users\PC\Documents\micro\IMG\right_2025_08_06_10_24_01_277.jpg,-1,0.6576423,0,14.08301
C:\Users\PC\Documents\micro\IMG\center_2025_08_06_10_24_01_468.jpg,C:\Users\PC\Documents\micro\IMG\left_2025_08_06_10_24_01_468.jpg,C:\Users\PC\Documents\micro\IMG\right_2025_08_06_10_24_01_468.jpg,0,0.006623685,0,13.54955
C:\Users\PC\Documents\micro\IMG\center_2025_08_06_10_24_01_684.jpg,C:\Users\PC\Documents\micro\IMG\left_2025_08_06_10_24_01_684.jpg,C:\Users\PC\Documents\micro\IMG\right_2025_08_06_10_24_01_684.jpg,0,0,0,13.48642
C:\Users\PC\Documents\micro\IMG\center_2025_08_06_10_24_01_900.jpg,C:\Users\PC\Documents\micro\IMG\left_2025_08_06_10_24_01_900.jpg,C:\Users\PC\Documents\micro\IMG\right_2025_08_06_10_24_01_900.jpg,0,0,0,13.26779
C:\Users\PC\Documents\micro\IMG\center_2025_08_06_10_24_02_107.jpg,C:\Users\PC\Documents\micro\IMG\left_2025_08_06_10_24_02_107.jpg,C:\Users\PC\Documents\micro\IMG\right_2025_08_06_10_24_02_107.jpg,0,0,0,12.70482
C:\Users\PC\Documents\micro\IMG\center_2025_08_06_10_24_02_323.jpg,C:\Users\PC\Documents\micro\IMG\left_2025_08_06_10_24_02_323.jpg,C:\Users\PC\Documents\micro\IMG\right_2025_08_06_10_24_02_323.jpg,0,0,0,12.58015
C:\Users\PC\Documents\micro\IMG\center_2025_08_06_10_24_02_588.jpg,C:\Users\PC\Documents\micro\IMG\left_2025_08_06_10_24_02_588.jpg,C:\Users\PC\Documents\micro\IMG\right_2025_08_06_10_24_02_588.jpg,0,0,0,12.17861
C:\Users\PC\Documents\micro\IMG\center_2025_08_06_10_24_02_779.jpg,C:\Users\PC\Documents\micro\IMG\left_2025_08_06_10_24_02_779.jpg,C:\Users\PC\Documents\micro\IMG\right_2025_08_06_10_24_02_779.jpg,0,0,0,11.89819
C:\Users\PC\Documents\micro\IMG\center_2025_08_06_10_24_02_980.jpg,C:\Users\PC\Documents\micro\IMG\left_2025_08_06_10_24_02_980.jpg,C:\Users\PC\Documents\micro\IMG\right_2025_08_06_10_24_02_980.jpg,0,0,0,11.66189
C:\Users\PC\Documents\micro\IMG\center_2025_08_06_10_24_03_194.jpg,C:\Users\PC\Documents\micro\IMG\left_2025_08_06_10_24_03_194.jpg,C:\Users\PC\Documents\micro\IMG\right_2025_08_06_10_24_03_194.jpg,0,0,0,11.47253
C:\Users\PC\Documents\micro\IMG\center_2025_08_06_10_24_03_402.jpg,C:\Users\PC\Documents\micro\IMG\left_2025_08_06_10_24_03_402.jpg,C:\Users\PC\Documents\micro\IMG\right_2025_08_06_10_24_03_402.jpg,0,0,0,11.24785
C:\Users\PC\Documents\micro\IMG\center_2025_08_06_10_24_03_611.jpg,C:\Users\PC\Documents\micro\IMG\left_2025_08_06_10_24_03_611.jpg,C:\Users\PC\Documents\micro\IMG\right_2025_08_06_10_24_03_611.jpg,0,0,0,11.00339
C:\Users\PC\Documents\micro\IMG\center_2025_08_06_10_24_03_827.jpg,C:\Users\PC\Documents\micro\IMG\left_2025_08_06_10_24_03_827.jpg,C:\Users\PC\Documents\micro\IMG\right_2025_08_06_10_24_03_827.jpg,0,0,0,10.75814
C:\Users\PC\Documents\micro\IMG\center_2025_08_06_10_24_04_050.jpg,C:\Users\PC\Documents\micro\IMG\left_2025_08_06_10_24_04_050.jpg,C:\Users\PC\Documents\micro\IMG\right_2025_08_06_10_24_04_050.jpg,0,0,0,10.51827
C:\Users\PC\Documents\micro\IMG\center_2025_08_06_10_24_04_259.jpg,C:\Users\PC\Documents\micro\IMG\left_2025_08_06_10_24_04_259.jpg,C:\Users\PC\Documents\micro\IMG\right_2025_08_06_10_24_04_259.jpg,0,0,0,10.28367
C:\Users\PC\Documents\micro\IMG\center_2025_08_06_10_24_04_470.jpg,C:\Users\PC\Documents\micro\IMG\left_2025_08_06_10_24_04_470.jpg,C:\Users\PC\Documents\micro\IMG\right_2025_08_06_10_24_04_470.jpg,0.5000001,0,0,9.996546
C:\Users\PC\Documents\micro\IMG\center_2025_08_06_10_24_04_684.jpg,C:\Users\PC\Documents\micro\IMG\left_2025_08_06_10_24_04_684.jpg,C:\Users\PC\Documents\micro\IMG\right_2025_08_06_10_24_04_684.jpg,0,0,0,9.742316
C:\Users\PC\Documents\micro\IMG\center_2025_08_06_10_24_04_901.jpg,C:\Users\PC\Documents\micro\IMG\left_2025_08_06_10_24_04_901.jpg,C:\Users\PC\Documents\micro\IMG\right_2025_08_06_10_24_04_901.jpg,0,0,0,9.526106
C:\Users\PC\Documents\micro\IMG\center_2025_08_06_10_24_05_114.jpg,C:\Users\PC\Documents\micro\IMG\left_2025_08_06_10_24_05_114.jpg,C:\Users\PC\Documents\micro\IMG\right_2025_08_06_10_24_05_114.jpg,0,0,0,9.333795
C:\Users\PC\Documents\micro\IMG\center_2025_08_06_10_24_05_329.jpg,C:\Users\PC\Documents\micro\IMG\left_2025_08_06_10_24_05_329.jpg,C:\Users\PC\Documents\micro\IMG\right_2025_08_06_10_24_05_329.jpg,0,0,0,9.126691
C:\Users\PC\Documents\micro\IMG\center_2025_08_06_10_24_05_542.jpg,C:\Users\PC\Documents\micro\IMG\left_2025_08_06_10_24_05_542.jpg,C:\Users\PC\Documents\micro\IMG\right_2025_08_06_10_24_05_542.jpg,0,0,0,8.924134
C:\Users\PC\Documents\micro\IMG\center_2025_08_06_10_24_05_754.jpg,C:\Users\PC\Documents\micro\IMG\left_2025_08_06_10_24_05_754.jpg,C:\Users\PC\Documents\micro\IMG\right_2025_08_06_10_24_05_754.jpg,0,0,0,8.743857
C:\Users\PC\Documents\micro\IMG\center_2025_08_06_10_24_05_966.jpg,C:\Users\PC\Documents\micro\IMG\left_2025_08_06_10_24_05_966.jpg,C:\Users\PC\Documents\micro\IMG\right_2025_08_06_10_24_05_966.jpg,0,0.6339198,0,10.18279
C:\Users\PC\Documents\micro\IMG\center_2025_08_06_10_24_06_173.jpg,C:\Users\PC\Documents\micro\IMG\left_2025_08_06_10_24_06_173.jpg,C:\Users\PC\Documents\micro\IMG\right_2025_08_06_10_24_06_173.jpg,0,1,0,12.3953
C:\Users\PC\Documents\micro\IMG\center_2025_08_06_10_24_06_381.jpg,C:\Users\PC\Documents\micro\IMG\left_2025_08_06_10_24_06_381.jpg,C:\Users\PC\Documents\micro\IMG\right_2025_08_06_10_24_06_381.jpg,0,1,0,14.70255
C:\Users\PC\Documents\micro\IMG\center_2025_08_06_10_24_06_584.jpg,C:\Users\PC\Documents\micro\IMG\left_2025_08_06_10_24_06_584.jpg,C:\Users\PC\Documents\micro\IMG\right_2025_08_06_10_24_06_584.jpg,0,1,0,16.79935
C:\Users\PC\Documents\micro\IMG\center_2025_08_06_10_24_06_820.jpg,C:\Users\PC\Documents\micro\IMG\left_2025_08_06_10_24_06_820.jpg,C:\Users\PC\Documents\micro\IMG\right_2025_08_06_10_24_06_820.jpg,0,1,0,19.31003
C:\Users\PC\Documents\micro\IMG\center_2025_08_06_10_24_07_014.jpg,C:\Users\PC\Documents\micro\IMG\left_2025_08_06_10_24_07_014.jpg,C:\Users\PC\Documents\micro\IMG\right_2025_08_06_10_24_07_014.jpg,0,1,0,21.13043
C:\Users\PC\Documents\micro\IMG\center_2025_08_06_10_24_07_222.jpg,C:\Users\PC\Documents\micro\IMG\left_2025_08_06_10_24_07_222.jpg,C:\Users\PC\Documents\micro\IMG\right_2025_08_06_10_24_07_222.jpg,0,1,0,23.31309
C:\Users\PC\Documents\micro\IMG\center_2025_08_06_10_24_07_430.jpg,C:\Users\PC\Documents\micro\IMG\left_2025_08_06_10_24_07_430.jpg,C:\Users\PC\Documents\micro\IMG\right_2025_08_06_10_24_07_430.jpg,0,0.3744001,0,23.82385
C:\Users\PC\Documents\micro\IMG\center_2025_08_06_10_24_07_636.jpg,C:\Users\PC\Documents\micro\IMG\left_2025_08_06_10_24_07_636.jpg,C:\Users\PC\Documents\micro\IMG\right_2025_08_06_10_24_07_636.jpg,0,0,0,23.39644
C:\Users\PC\Documents\micro\IMG\center_2025_08_06_10_24_07_847.jpg,C:\Users\PC\Documents\micro\IMG\left_2025_08_06_10_24_07_847.jpg,C:\Users\PC\Documents\micro\IMG\right_2025_08_06_10_24_07_847.jpg,0,0,0,22.90374
C:\Users\PC\Documents\micro\IMG\center_2025_08_06_10_24_08_057.jpg,C:\Users\PC\Documents\micro\IMG\left_2025_08_06_10_24_08_057.jpg,C:\Users\PC\Documents\micro\IMG\right_2025_08_06_10_24_08_057.jpg,0,0,0,22.44381
C:\Users\PC\Documents\micro\IMG\center_2025_08_06_10_24_08_270.jpg,C:\Users\PC\Documents\micro\IMG\left_2025_08_06_10_24_08_270.jpg,C:\Users\PC\Documents\micro\IMG\right_2025_08_06_10_24_08_270.jpg,0,0,0,21.95071
C:\Users\PC\Documents\micro\IMG\center_2025_08_06_10_24_08_480.jpg,C:\Users\PC\Documents\micro\IMG\left_2025_08_06_10_24_08_480.jpg,C:\Users\PC\Documents\micro\IMG\right_2025_08_06_10_24_08_480.jpg,0,0,0,21.47063
C:\Users\PC\Documents\micro\IMG\center_2025_08_06_10_24_08_685.jpg,C:\Users\PC\Documents\micro\IMG\left_2025_08_06_10_24_08_685.jpg,C:\Users\PC\Documents\micro\IMG\right_2025_08_06_10_24_08_685.jpg,0,0,0,21.0437
C:\Users\PC\Documents\micro\IMG\center_2025_08_06_10_24_08_892.jpg,C:\Users\PC\Documents\micro\IMG\left_2025_08_06_10_24_08_892.jpg,C:\Users\PC\Documents\micro\IMG\right_2025_08_06_10_24_08_892.jpg,0,0,0,20.62563
C:\Users\PC\Documents\micro\IMG\center_2025_08_06_10_24_09_100.jpg,C:\Users\PC\Documents\micro\IMG\left_2025_08_06_10_24_09_100.jpg,C:\Users\PC\Documents\micro\IMG\right_2025_08_06_10_24_09_100.jpg,0,0,0,20.17533
C:\Users\PC\Documents\micro\IMG\center_2025_08_06_10_24_09_323.jpg,C:\Users\PC\Documents\micro\IMG\left_2025_08_06_10_24_09_323.jpg,C:\Users\PC\Documents\micro\IMG\right_2025_08_06_10_24_09_323.jpg,0,0,0,19.73517
C:\Users\PC\Documents\micro\IMG\center_2025_08_06_10_24_09_575.jpg,C:\Users\PC\Documents\micro\IMG\left_2025_08_06_10_24_09_575.jpg,C:\Users\PC\Documents\micro\IMG\right_2025_08_06_10_24_09_575.jpg,-0.6000001,0.7107588,0,21.05916
C:\Users\PC\Documents\micro\IMG\center_2025_08_06_10_24_09_792.jpg,C:\Users\PC\Documents\micro\IMG\left_2025_08_06_10_24_09_792.jpg,C:\Users\PC\Documents\micro\IMG\right_2025_08_06_10_24_09_792.jpg,0,0.01149929,0,20.58528
C:\Users\PC\Documents\micro\IMG\center_2025_08_06_10_24_10_216.jpg,C:\Users\PC\Documents\micro\IMG\left_2025_08_06_10_24_10_216.jpg,C:\Users\PC\Documents\micro\IMG\right_2025_08_06_10_24_10_216.jpg,0,0,0,20.01493
C:\Users\PC\Documents\micro\IMG\center_2025_08_06_10_24_10_416.jpg,C:\Users\PC\Documents\micro\IMG\left_2025_08_06_10_24_10_416.jpg,C:\Users\PC\Documents\micro\IMG\right_2025_08_06_10_24_10_416.jpg,0,0,0,19.65647
C:\Users\PC\Documents\micro\IMG\center_2025_08_06_10_24_10_636.jpg,C:\Users\PC\Documents\micro\IMG\left_2025_08_06_10_24_10_636.jpg,C:\Users\PC\Documents\micro\IMG\right_2025_08_06_10_24_10_636.jpg,0,0,0,18.81972
C:\Users\PC\Documents\micro\IMG\center_2025_08_06_10_24_10_843.jpg,C:\Users\PC\Documents\micro\IMG\left_2025_08_06_10_24_10_843.jpg,C:\Users\PC\Documents\micro\IMG\right_2025_08_06_10_24_10_843.jpg,0,0,0,18.41065
C:\Users\PC\Documents\micro\IMG\center_2025_08_06_10_24_11_049.jpg,C:\Users\PC\Documents\micro\IMG\left_2025_08_06_10_24_11_049.jpg,C:\Users\PC\Documents\micro\IMG\right_2025_08_06_10_24_11_049.jpg,0,0,0,18.48999
C:\Users\PC\Documents\micro\IMG\center_2025_08_06_10_24_11_255.jpg,C:\Users\PC\Documents\micro\IMG\left_2025_08_06_10_24_11_255.jpg,C:\Users\PC\Documents\micro\IMG\right_2025_08_06_10_24_11_255.jpg,0,0,0,18.1281
C:\Users\PC\Documents\micro\IMG\center_2025_08_06_10_24_11_462.jpg,C:\Users\PC\Documents\micro\IMG\left_2025_08_06_10_24_11_462.jpg,C:\Users\PC\Documents\micro\IMG\right_2025_08_06_10_24_11_462.jpg,0,0,0,17.77266
C:\Users\PC\Documents\micro\IMG\center_2025_08_06_10_24_11_663.jpg,C:\Users\PC\Documents\micro\IMG\left_2025_08_06_10_24_11_663.jpg,C:\Users\PC\Documents\micro\IMG\right_2025_08_06_10_24_11_663.jpg,0,0,0,17.42389
C:\Users\PC\Documents\micro\IMG\center_2025_08_06_10_24_11_872.jpg,C:\Users\PC\Documents\micro\IMG\left_2025_08_06_10_24_11_872.jpg,C:\Users\PC\Documents\micro\IMG\right_2025_08_06_10_24_11_872.jpg,0,0,0,16.5057
C:\Users\PC\Documents\micro\IMG\center_2025_08_06_10_24_12_094.jpg,C:\Users\PC\Documents\micro\IMG\left_2025_08_06_10_24_12_094.jpg,C:\Users\PC\Documents\micro\IMG\right_2025_08_06_10_24_12_094.jpg,0,0,0,16.68191
C:\Users\PC\Documents\micro\IMG\center_2025_08_06_10_24_12_308.jpg,C:\Users\PC\Documents\micro\IMG\left_2025_08_06_10_24_12_308.jpg,C:\Users\PC\Documents\micro\IMG\right_2025_08_06_10_24_12_308.jpg,0,0.6276318,0,17.55865
C:\Users\PC\Documents\micro\IMG\center_2025_08_06_10_24_12_508.jpg,C:\Users\PC\Documents\micro\IMG\left_2025_08_06_10_24_12_508.jpg,C:\Users\PC\Documents\micro\IMG\right_2025_08_06_10_24_12_508.jpg,0,0.01369375,0,17.50354
C:\Users\PC\Documents\micro\IMG\center_2025_08_06_10_24_12_713.jpg,C:\Users\PC\Documents\micro\IMG\left_2025_08_06_10_24_12_713.jpg,C:\Users\PC\Documents\micro\IMG\right_2025_08_06_10_24_12_713.jpg,0,0,0,17.16765
C:\Users\PC\Documents\micro\IMG\center_2025_08_06_10_24_12_924.jpg,C:\Users\PC\Documents\micro\IMG\left_2025_08_06_10_24_12_924.jpg,C:\Users\PC\Documents\micro\IMG\right_2025_08_06_10_24_12_924.jpg,0,0,0,16.83234
C:\Users\PC\Documents\micro\IMG\center_2025_08_06_10_24_13_134.jpg,C:\Users\PC\Documents\micro\IMG\left_2025_08_06_10_24_13_134.jpg,C:\Users\PC\Documents\micro\IMG\right_2025_08_06_10_24_13_134.jpg,0,0,0,15.9251
C:\Users\PC\Documents\micro\IMG\center_2025_08_06_10_24_13_346.jpg,C:\Users\PC\Documents\micro\IMG\left_2025_08_06_10_24_13_346.jpg,C:\Users\PC\Documents\micro\IMG\right_2025_08_06_10_24_13_346.jpg,0,0,0,15.62203
C:\Users\PC\Documents\micro\IMG\center_2025_08_06_10_24_13_557.jpg,C:\Users\PC\Documents\micro\IMG\left_2025_08_06_10_24_13_557.jpg,C:\Users\PC\Documents\micro\IMG\right_2025_08_06_10_24_13_557.jpg,0,0,0,15.8266
C:\Users\PC\Documents\micro\IMG\center_2025_08_06_10_24_13_768.jpg,C:\Users\PC\Documents\micro\IMG\left_2025_08_06_10_24_13_768.jpg,C:\Users\PC\Documents\micro\IMG\right_2025_08_06_10_24_13_768.jpg,0,0,0,15.51917
C:\Users\PC\Documents\micro\IMG\center_2025_08_06_10_24_13_976.jpg,C:\Users\PC\Documents\micro\IMG\left_2025_08_06_10_24_13_976.jpg,C:\Users\PC\Documents\micro\IMG\right_2025_08_06_10_24_13_976.jpg,0,0,0,14.6721
C:\Users\PC\Documents\micro\IMG\center_2025_08_06_10_24_14_176.jpg,C:\Users\PC\Documents\micro\IMG\left_2025_08_06_10_24_14_176.jpg,C:\Users\PC\Documents\micro\IMG\right_2025_08_06_10_24_14_176.jpg,0,0,0,14.38067
C:\Users\PC\Documents\micro\IMG\center_2025_08_06_10_24_14_381.jpg,C:\Users\PC\Documents\micro\IMG\left_2025_08_06_10_24_14_381.jpg,C:\Users\PC\Documents\micro\IMG\right_2025_08_06_10_24_14_381.jpg,-0.5000001,0.6166065,0,15.65701
C:\Users\PC\Documents\micro\IMG\center_2025_08_06_10_24_14_594.jpg,C:\Users\PC\Documents\micro\IMG\left_2025_08_06_10_24_14_594.jpg,C:\Users\PC\Documents\micro\IMG\right_2025_08_06_10_24_14_594.jpg,0,0,0,15.26632
C:\Users\PC\Documents\micro\IMG\center_2025_08_06_10_24_14_803.jpg,C:\Users\PC\Documents\micro\IMG\left_2025_08_06_10_24_14_803.jpg,C:\Users\PC\Documents\micro\IMG\right_2025_08_06_10_24_14_803.jpg,0,0,0,14.98028
C:\Users\PC\Documents\micro\IMG\center_2025_08_06_10_24_15_044.jpg,C:\Users\PC\Documents\micro\IMG\left_2025_08_06_10_24_15_044.jpg,C:\Users\PC\Documents\micro\IMG\right_2025_08_06_10_24_15_044.jpg,0,0,0,14.70055
C:\Users\PC\Documents\micro\IMG\center_2025_08_06_10_24_15_227.jpg,C:\Users\PC\Documents\micro\IMG\left_2025_08_06_10_24_15_227.jpg,C:\Users\PC\Documents\micro\IMG\right_2025_08_06_10_24_15_227.jpg,0,0,0,14.40469
C:\Users\PC\Documents\micro\IMG\center_2025_08_06_10_24_15_435.jpg,C:\Users\PC\Documents\micro\IMG\left_2025_08_06_10_24_15_435.jpg,C:\Users\PC\Documents\micro\IMG\right_2025_08_06_10_24_15_435.jpg,0,0,0,14.07481
C:\Users\PC\Documents\micro\IMG\center_2025_08_06_10_24_15_643.jpg,C:\Users\PC\Documents\micro\IMG\left_2025_08_06_10_24_15_643.jpg,C:\Users\PC\Documents\micro\IMG\right_2025_08_06_10_24_15_643.jpg,0,0,0,13.76481
C:\Users\PC\Documents\micro\IMG\center_2025_08_06_10_24_15_849.jpg,C:\Users\PC\Documents\micro\IMG\left_2025_08_06_10_24_15_849.jpg,C:\Users\PC\Documents\micro\IMG\right_2025_08_06_10_24_15_849.jpg,0,0.6167697,0,14.89119
C:\Users\PC\Documents\micro\IMG\center_2025_08_06_10_24_16_063.jpg,C:\Users\PC\Documents\micro\IMG\left_2025_08_06_10_24_16_063.jpg,C:\Users\PC\Documents\micro\IMG\right_2025_08_06_10_24_16_063.jpg,0,1,0,17.32043
C:\Users\PC\Documents\micro\IMG\center_2025_08_06_10_24_16_276.jpg,C:\Users\PC\Documents\micro\IMG\left_2025_08_06_10_24_16_276.jpg,C:\Users\PC\Documents\micro\IMG\right_2025_08_06_10_24_16_276.jpg,0,1,0,19.42258
C:\Users\PC\Documents\micro\IMG\center_2025_08_06_10_24_16_490.jpg,C:\Users\PC\Documents\micro\IMG\left_2025_08_06_10_24_16_490.jpg,C:\Users\PC\Documents\micro\IMG\right_2025_08_06_10_24_16_490.jpg,0,1,0,21.73584
C:\Users\PC\Documents\micro\IMG\center_2025_08_06_10_24_16_703.jpg,C:\Users\PC\Documents\micro\IMG\left_2025_08_06_10_24_16_703.jpg,C:\Users\PC\Documents\micro\IMG\right_2025_08_06_10_24_16_703.jpg,0,1,0,23.68508
C:\Users\PC\Documents\micro\IMG\center_2025_08_06_10_24_16_909.jpg,C:\Users\PC\Documents\micro\IMG\left_2025_08_06_10_24_16_909.jpg,C:\Users\PC\Documents\micro\IMG\right_2025_08_06_10_24_16_909.jpg,0,1,0,25.80342
C:\Users\PC\Documents\micro\IMG\center_2025_08_06_10_24_17_120.jpg,C:\Users\PC\Documents\micro\IMG\left_2025_08_06_10_24_17_120.jpg,C:\Users\PC\Documents\micro\IMG\right_2025_08_06_10_24_17_120.jpg,0,0.3698191,0,26.27442
C:\Users\PC\Documents\micro\IMG\center_2025_08_06_10_24_17_334.jpg,C:\Users\PC\Documents\micro\IMG\left_2025_08_06_10_24_17_334.jpg,C:\Users\PC\Documents\micro\IMG\right_2025_08_06_10_24_17_334.jpg,0,0,0,25.75882
C:\Users\PC\Documents\micro\IMG\center_2025_08_06_10_24_17_548.jpg,C:\Users\PC\Documents\micro\IMG\left_2025_08_06_10_24_17_548.jpg,C:\Users\PC\Documents\micro\IMG\right_2025_08_06_10_24_17_548.jpg,0,0,0,25.19495
C:\Users\PC\Documents\micro\IMG\center_2025_08_06_10_24_17_753.jpg,C:\Users\PC\Documents\micro\IMG\left_2025_08_06_10_24_17_753.jpg,C:\Users\PC\Documents\micro\IMG\right_2025_08_06_10_24_17_753.jpg,0,0,0,24.69318
C:\Users\PC\Documents\micro\IMG\center_2025_08_06_10_24_17_964.jpg,C:\Users\PC\Documents\micro\IMG\left_2025_08_06_10_24_17_964.jpg,C:\Users\PC\Documents\micro\IMG\right_2025_08_06_10_24_17_964.jpg,0,0,0,24.20064
C:\Users\PC\Documents\micro\IMG\center_2025_08_06_10_24_18_171.jpg,C:\Users\PC\Documents\micro\IMG\left_2025_08_06_10_24_18_171.jpg,C:\Users\PC\Documents\micro\IMG\right_2025_08_06_10_24_18_171.jpg,0,0,0,23.66933
C:\Users\PC\Documents\micro\IMG\center_2025_08_06_10_24_18_376.jpg,C:\Users\PC\Documents\micro\IMG\left_2025_08_06_10_24_18_376.jpg,C:\Users\PC\Documents\micro\IMG\right_2025_08_06_10_24_18_376.jpg,-0.5000001,0.6103647,0,24.42328
C:\Users\PC\Documents\micro\IMG\center_2025_08_06_10_24_18_582.jpg,C:\Users\PC\Documents\micro\IMG\left_2025_08_06_10_24_18_582.jpg,C:\Users\PC\Documents\micro\IMG\right_2025_08_06_10_24_18_582.jpg,0,0,0,23.96949
C:\Users\PC\Documents\micro\IMG\center_2025_08_06_10_24_18_816.jpg,C:\Users\PC\Documents\micro\IMG\left_2025_08_06_10_24_18_816.jpg,C:\Users\PC\Documents\micro\IMG\right_2025_08_06_10_24_18_816.jpg,0,0,0,23.4061
C:\Users\PC\Documents\micro\IMG\center_2025_08_06_10_24_19_012.jpg,C:\Users\PC\Documents\micro\IMG\left_2025_08_06_10_24_19_012.jpg,C:\Users\PC\Documents\micro\IMG\right_2025_08_06_10_24_19_012.jpg,0,0,0,22.9397
C:\Users\PC\Documents\micro\IMG\center_2025_08_06_10_24_19_218.jpg,C:\Users\PC\Documents\micro\IMG\left_2025_08_06_10_24_19_218.jpg,C:\Users\PC\Documents\micro\IMG\right_2025_08_06_10_24_19_218.jpg,0,0,0,22.48155
C:\Users\PC\Documents\micro\IMG\center_2025_08_06_10_24_19_423.jpg,C:\Users\PC\Documents\micro\IMG\left_2025_08_06_10_24_19_423.jpg,C:\Users\PC\Documents\micro\IMG\right_2025_08_06_10_24_19_423.jpg,0,0,0,22.03242
C:\Users\PC\Documents\micro\IMG\center_2025_08_06_10_24_19_628.jpg,C:\Users\PC\Documents\micro\IMG\left_2025_08_06_10_24_19_628.jpg,C:\Users\PC\Documents\micro\IMG\right_2025_08_06_10_24_19_628.jpg,0,0,0,21.54873
C:\Users\PC\Documents\micro\IMG\center_2025_08_06_10_24_19_837.jpg,C:\Users\PC\Documents\micro\IMG\left_2025_08_06_10_24_19_837.jpg,C:\Users\PC\Documents\micro\IMG\right_2025_08_06_10_24_19_837.jpg,0,0,0,21.11822
C:\Users\PC\Documents\micro\IMG\center_2025_08_06_10_24_20_055.jpg,C:\Users\PC\Documents\micro\IMG\left_2025_08_06_10_24_20_055.jpg,C:\Users\PC\Documents\micro\IMG\right_2025_08_06_10_24_20_055.jpg,0,0,0,20.65459
C:\Users\PC\Documents\micro\IMG\center_2025_08_06_10_24_20_284.jpg,C:\Users\PC\Documents\micro\IMG\left_2025_08_06_10_24_20_284.jpg,C:\Users\PC\Documents\micro\IMG\right_2025_08_06_10_24_20_284.jpg,0,0,0,20.20116
C:\Users\PC\Documents\micro\IMG\center_2025_08_06_10_24_20_494.jpg,C:\Users\PC\Documents\micro\IMG\left_2025_08_06_10_24_20_494.jpg,C:\Users\PC\Documents\micro\IMG\right_2025_08_06_10_24_20_494.jpg,0,0,0,19.75767
C:\Users\PC\Documents\micro\IMG\center_2025_08_06_10_24_20_713.jpg,C:\Users\PC\Documents\micro\IMG\left_2025_08_06_10_24_20_713.jpg,C:\Users\PC\Documents\micro\IMG\right_2025_08_06_10_24_20_713.jpg,-0.5500001,0.6575877,0,20.72369
C:\Users\PC\Documents\micro\IMG\center_2025_08_06_10_24_20_932.jpg,C:\Users\PC\Documents\micro\IMG\left_2025_08_06_10_24_20_932.jpg,C:\Users\PC\Documents\micro\IMG\right_2025_08_06_10_24_20_932.jpg,0,0.0005658269,0,20.52936
C:\Users\PC\Documents\micro\IMG\center_2025_08_06_10_24_21_144.jpg,C:\Users\PC\Documents\micro\IMG\left_2025_08_06_10_24_21_144.jpg,C:\Users\PC\Documents\micro\IMG\right_2025_08_06_10_24_21_144.jpg,0,0,0,20.12814
C:\Users\PC\Documents\micro\IMG\center_2025_08_06_10_24_21_353.jpg,C:\Users\PC\Documents\micro\IMG\left_2025_08_06_10_24_21_353.jpg,C:\Users\PC\Documents\micro\IMG\right_2025_08_06_10_24_21_353.jpg,0,0,0,19.31315
C:\Users\PC\Documents\micro\IMG\center_2025_08_06_10_24_21_594.jpg,C:\Users\PC\Documents\micro\IMG\left_2025_08_06_10_24_21_594.jpg,C:\Users\PC\Documents\micro\IMG\right_2025_08_06_10_24_21_594.jpg,0,0,0,18.80464
C:\Users\PC\Documents\micro\IMG\center_2025_08_06_10_24_21_830.jpg,C:\Users\PC\Documents\micro\IMG\left_2025_08_06_10_24_21_830.jpg,C:\Users\PC\Documents\micro\IMG\right_2025_08_06_10_24_21_830.jpg,0,0,0,18.32655
C:\Users\PC\Documents\micro\IMG\center_2025_08_06_10_24_22_052.jpg,C:\Users\PC\Documents\micro\IMG\left_2025_08_06_10_24_22_052.jpg,C:\Users\PC\Documents\micro\IMG\right_2025_08_06_10_24_22_052.jpg,0,0,0,18.41023
C:\Users\PC\Documents\micro\IMG\center_2025_08_06_10_24_22_277.jpg,C:\Users\PC\Documents\micro\IMG\left_2025_08_06_10_24_22_277.jpg,C:\Users\PC\Documents\micro\IMG\right_2025_08_06_10_24_22_277.jpg,0,0,0,17.49343
C:\Users\PC\Documents\micro\IMG\center_2025_08_06_10_24_22_494.jpg,C:\Users\PC\Documents\micro\IMG\left_2025_08_06_10_24_22_494.jpg,C:\Users\PC\Documents\micro\IMG\right_2025_08_06_10_24_22_494.jpg,0,0.6513834,0,19.16484
C:\Users\PC\Documents\micro\IMG\center_2025_08_06_10_24_22_729.jpg,C:\Users\PC\Documents\micro\IMG\left_2025_08_06_10_24_22_729.jpg,C:\Users\PC\Documents\micro\IMG\right_2025_08_06_10_24_22_729.jpg,0,0,0,18.83896
C:\Users\PC\Documents\micro\IMG\center_2025_08_06_10_24_22_952.jpg,C:\Users\PC\Documents\micro\IMG\left_2025_08_06_10_24_22_952.jpg,C:\Users\PC\Documents\micro\IMG\right_2025_08_06_10_24_22_952.jpg,0,0.6676263,0,19.88354
C:\Users\PC\Documents\micro\IMG\center_2025_08_06_10_24_23_160.jpg,C:\Users\PC\Documents\micro\IMG\left_2025_08_06_10_24_23_160.jpg,C:\Users\PC\Documents\micro\IMG\right_2025_08_06_10_24_23_160.jpg,0,1,0,21.89685
C:\Users\PC\Documents\micro\IMG\center_2025_08_06_10_24_23_374.jpg,C:\Users\PC\Documents\micro\IMG\left_2025_08_06_10_24_23_374.jpg,C:\Users\PC\Documents\micro\IMG\right_2025_08_06_10_24_23_374.jpg,0,1,0,24.07939
C:\Users\PC\Documents\micro\IMG\center_2025_08_06_10_24_23_596.jpg,C:\Users\PC\Documents\micro\IMG\left_2025_08_06_10_24_23_596.jpg,C:\Users\PC\Documents\micro\IMG\right_2025_08_06_10_24_23_596.jpg,0,0.326509,0,24.51619
C:\Users\PC\Documents\micro\IMG\center_2025_08_06_10_24_23_815.jpg,C:\Users\PC\Documents\micro\IMG\left_2025_08_06_10_24_23_815.jpg,C:\Users\PC\Documents\micro\IMG\right_2025_08_06_10_24_23_815.jpg,0,0,0,24.02116
C:\Users\PC\Documents\micro\IMG\center_2025_08_06_10_24_24_042.jpg,C:\Users\PC\Documents\micro\IMG\left_2025_08_06_10_24_24_042.jpg,C:\Users\PC\Documents\micro\IMG\right_2025_08_06_10_24_24_042.jpg,0,0,0,23.49303
C:\Users\PC\Documents\micro\IMG\center_2025_08_06_10_24_24_282.jpg,C:\Users\PC\Documents\micro\IMG\left_2025_08_06_10_24_24_282.jpg,C:\Users\PC\Documents\micro\IMG\right_2025_08_06_10_24_24_282.jpg,0,0,0,22.93144
C:\Users\PC\Documents\micro\IMG\center_2025_08_06_10_24_24_482.jpg,C:\Users\PC\Documents\micro\IMG\left_2025_08_06_10_24_24_482.jpg,C:\Users\PC\Documents\micro\IMG\right_2025_08_06_10_24_24_482.jpg,0,0,0,22.4737
C:\Users\PC\Documents\micro\IMG\center_2025_08_06_10_24_24_702.jpg,C:\Users\PC\Documents\micro\IMG\left_2025_08_06_10_24_24_702.jpg,C:\Users\PC\Documents\micro\IMG\right_2025_08_06_10_24_24_702.jpg,0,0,0,21.98073
C:\Users\PC\Documents\micro\IMG\center_2025_08_06_10_24_24_925.jpg,C:\Users\PC\Documents\micro\IMG\left_2025_08_06_10_24_24_925.jpg,C:\Users\PC\Documents\micro\IMG\right_2025_08_06_10_24_24_925.jpg,0,0,0,21.49861
C:\Users\PC\Documents\micro\IMG\center_2025_08_06_10_24_25_150.jpg,C:\Users\PC\Documents\micro\IMG\left_2025_08_06_10_24_25_150.jpg,C:\Users\PC\Documents\micro\IMG\right_2025_08_06_10_24_25_150.jpg,0,0,0,20.98488
C:\Users\PC\Documents\micro\IMG\center_2025_08_06_10_24_25_376.jpg,C:\Users\PC\Documents\micro\IMG\left_2025_08_06_10_24_25_376.jpg,C:\Users\PC\Documents\micro\IMG\right_2025_08_06_10_24_25_376.jpg,0,0,0,20.52567
C:\Users\PC\Documents\micro\IMG\center_2025_08_06_10_24_25_610.jpg,C:\Users\PC\Documents\micro\IMG\left_2025_08_06_10_24_25_610.jpg,C:\Users\PC\Documents\micro\IMG\right_2025_08_06_10_24_25_610.jpg,0,0,0,20.03678
C:\Users\PC\Documents\micro\IMG\center_2025_08_06_10_24_25_843.jpg,C:\Users\PC\Documents\micro\IMG\left_2025_08_06_10_24_25_843.jpg,C:\Users\PC\Documents\micro\IMG\right_2025_08_06_10_24_25_843.jpg,0,0,0,19.59897
C:\Users\PC\Documents\micro\IMG\center_2025_08_06_10_24_26_066.jpg,C:\Users\PC\Documents\micro\IMG\left_2025_08_06_10_24_26_066.jpg,C:\Users\PC\Documents\micro\IMG\right_2025_08_06_10_24_26_066.jpg,-0.5500001,0.6714699,0,20.60002
C:\Users\PC\Documents\micro\IMG\center_2025_08_06_10_24_26_282.jpg,C:\Users\PC\Documents\micro\IMG\left_2025_08_06_10_24_26_282.jpg,C:\Users\PC\Documents\micro\IMG\right_2025_08_06_10_24_26_282.jpg,0,0.02666396,0,20.47875
C:\Users\PC\Documents\micro\IMG\center_2025_08_06_10_24_26_495.jpg,C:\Users\PC\Documents\micro\IMG\left_2025_08_06_10_24_26_495.jpg,C:\Users\PC\Documents\micro\IMG\right_2025_08_06_10_24_26_495.jpg,0,0,0,19.68401
C:\Users\PC\Documents\micro\IMG\center_2025_08_06_10_24_26_705.jpg,C:\Users\PC\Documents\micro\IMG\left_2025_08_06_10_24_26_705.jpg,C:\Users\PC\Documents\micro\IMG\right_2025_08_06_10_24_26_705.jpg,0,0,0,19.26276
C:\Users\PC\Documents\micro\IMG\center_2025_08_06_10_24_26_928.jpg,C:\Users\PC\Documents\micro\IMG\left_2025_08_06_10_24_26_928.jpg,C:\Users\PC\Documents\micro\IMG\right_2025_08_06_10_24_26_928.jpg,0,0,0,18.75536
C:\Users\PC\Documents\micro\IMG\center_2025_08_06_10_24_27_152.jpg,C:\Users\PC\Documents\micro\IMG\left_2025_08_06_10_24_27_152.jpg,C:\Users\PC\Documents\micro\IMG\right_2025_08_06_10_24_27_152.jpg,0,0,0,18.80692
C:\Users\PC\Documents\micro\IMG\center_2025_08_06_10_24_27_360.jpg,C:\Users\PC\Documents\micro\IMG\left_2025_08_06_10_24_27_360.jpg,C:\Users\PC\Documents\micro\IMG\right_2025_08_06_10_24_27_360.jpg,0,0,0,18.43932
C:\Users\PC\Documents\micro\IMG\center_2025_08_06_10_24_27_577.jpg,C:\Users\PC\Documents\micro\IMG\left_2025_08_06_10_24_27_577.jpg,C:\Users\PC\Documents\micro\IMG\right_2025_08_06_10_24_27_577.jpg,0,0,0,17.52537
C:\Users\PC\Documents\micro\IMG\center_2025_08_06_10_24_27_818.jpg,C:\Users\PC\Documents\micro\IMG\left_2025_08_06_10_24_27_818.jpg,C:\Users\PC\Documents\micro\IMG\right_2025_08_06_10_24_27_818.jpg,0,0,0,17.08848
C:\Users\PC\Documents\micro\IMG\center_2025_08_06_10_24_28_011.jpg,C:\Users\PC\Documents\micro\IMG\left_2025_08_06_10_24_28_011.jpg,C:\Users\PC\Documents\micro\IMG\right_2025_08_06_10_24_28_011.jpg,0,0,0,16.73519
C:\Users\PC\Documents\micro\IMG\center_2025_08_06_10_24_28_224.jpg,C:\Users\PC\Documents\micro\IMG\left_2025_08_06_10_24_28_224.jpg,C:\Users\PC\Documents\micro\IMG\right_2025_08_06_10_24_28_224.jpg,0,0.6406284,0,18.01929
C:\Users\PC\Documents\micro\IMG\center_2025_08_06_10_24_28_437.jpg,C:\Users\PC\Documents\micro\IMG\left_2025_08_06_10_24_28_437.jpg,C:\Users\PC\Documents\micro\IMG\right_2025_08_06_10_24_28_437.jpg,0,2.384186E-06,0,18.07034
C:\Users\PC\Documents\micro\IMG\center_2025_08_06_10_24_28_664.jpg,C:\Users\PC\Documents\micro\IMG\left_2025_08_06_10_24_28_664.jpg,C:\Users\PC\Documents\micro\IMG\right_2025_08_06_10_24_28_664.jpg,0,0,0,17.15519
C:\Users\PC\Documents\micro\IMG\center_2025_08_06_10_24_28_876.jpg,C:\Users\PC\Documents\micro\IMG\left_2025_08_06_10_24_28_876.jpg,C:\Users\PC\Documents\micro\IMG\right_2025_08_06_10_24_28_876.jpg,0,0,0,17.30279
C:\Users\PC\Documents\micro\IMG\center_2025_08_06_10_24_29_083.jpg,C:\Users\PC\Documents\micro\IMG\left_2025_08_06_10_24_29_083.jpg,C:\Users\PC\Documents\micro\IMG\right_2025_08_06_10_24_29_083.jpg,0,0,0,16.96379
C:\Users\PC\Documents\micro\IMG\center_2025_08_06_10_24_29_287.jpg,C:\Users\PC\Documents\micro\IMG\left_2025_08_06_10_24_29_287.jpg,C:\Users\PC\Documents\micro\IMG\right_2025_08_06_10_24_29_287.jpg,0,0,0,16.63283
C:\Users\PC\Documents\micro\IMG\center_2025_08_06_10_24_29_509.jpg,C:\Users\PC\Documents\micro\IMG\left_2025_08_06_10_24_29_509.jpg,C:\Users\PC\Documents\micro\IMG\right_2025_08_06_10_24_29_509.jpg,0,0,0,15.73481
C:\Users\PC\Documents\micro\IMG\center_2025_08_06_10_24_29_720.jpg,C:\Users\PC\Documents\micro\IMG\left_2025_08_06_10_24_29_720.jpg,C:\Users\PC\Documents\micro\IMG\right_2025_08_06_10_24_29_720.jpg,0,0.6296496,0,17.41684
C:\Users\PC\Documents\micro\IMG\center_2025_08_06_10_24_29_938.jpg,C:\Users\PC\Documents\micro\IMG\left_2025_08_06_10_24_29_938.jpg,C:\Users\PC\Documents\micro\IMG\right_2025_08_06_10_24_29_938.jpg,-0.5500001,1,0,19.27084
C:\Users\PC\Documents\micro\IMG\center_2025_08_06_10_24_30_190.jpg,C:\Users\PC\Documents\micro\IMG\left_2025_08_06_10_24_30_190.jpg,C:\Users\PC\Documents\micro\IMG\right_2025_08_06_10_24_30_190.jpg,0,0.2447047,0,19.7871
C:\Users\PC\Documents\micro\IMG\center_2025_08_06_10_24_30_374.jpg,C:\Users\PC\Documents\micro\IMG\left_2025_08_06_10_24_30_374.jpg,C:\Users\PC\Documents\micro\IMG\right_2025_08_06_10_24_30_374.jpg,0,0,0,19.10806
C:\Users\PC\Documents\micro\IMG\center_2025_08_06_10_24_30_587.jpg,C:\Users\PC\Documents\micro\IMG\left_2025_08_06_10_24_30_587.jpg,C:\Users\PC\Documents\micro\IMG\right_2025_08_06_10_24_30_587.jpg,0,0,0,18.675
C:\Users\PC\Documents\micro\IMG\center_2025_08_06_10_24_30_800.jpg,C:\Users\PC\Documents\micro\IMG\left_2025_08_06_10_24_30_800.jpg,C:\Users\PC\Documents\micro\IMG\right_2025_08_06_10_24_30_800.jpg,0,0,0,18.72692
C:\Users\PC\Documents\micro\IMG\center_2025_08_06_10_24_31_010.jpg,C:\Users\PC\Documents\micro\IMG\left_2025_08_06_10_24_31_010.jpg,C:\Users\PC\Documents\micro\IMG\right_2025_08_06_10_24_31_010.jpg,0,0,0,17.81452
C:\Users\PC\Documents\micro\IMG\center_2025_08_06_10_24_31_219.jpg,C:\Users\PC\Documents\micro\IMG\left_2025_08_06_10_24_31_219.jpg,C:\Users\PC\Documents\micro\IMG\right_2025_08_06_10_24_31_219.jpg,0,0,0,17.44278
C:\Users\PC\Documents\micro\IMG\center_2025_08_06_10_24_31_447.jpg,C:\Users\PC\Documents\micro\IMG\left_2025_08_06_10_24_31_447.jpg,C:\Users\PC\Documents\micro\IMG\right_2025_08_06_10_24_31_447.jpg,0,0,0,17.57513
C:\Users\PC\Documents\micro\IMG\center_2025_08_06_10_24_31_664.jpg,C:\Users\PC\Documents\micro\IMG\left_2025_08_06_10_24_31_664.jpg,C:\Users\PC\Documents\micro\IMG\right_2025_08_06_10_24_31_664.jpg,0,0,0,16.65612
C:\Users\PC\Documents\micro\IMG\center_2025_08_06_10_24_31_875.jpg,C:\Users\PC\Documents\micro\IMG\left_2025_08_06_10_24_31_875.jpg,C:\Users\PC\Documents\micro\IMG\right_2025_08_06_10_24_31_875.jpg,0,0.6302565,0,18.32431
C:\Users\PC\Documents\micro\IMG\center_2025_08_06_10_24_32_090.jpg,C:\Users\PC\Documents\micro\IMG\left_2025_08_06_10_24_32_090.jpg,C:\Users\PC\Documents\micro\IMG\right_2025_08_06_10_24_32_090.jpg,0,1,0,20.3534
C:\Users\PC\Documents\micro\IMG\center_2025_08_06_10_24_32_304.jpg,C:\Users\PC\Documents\micro\IMG\left_2025_08_06_10_24_32_304.jpg,C:\Users\PC\Documents\micro\IMG\right_2025_08_06_10_24_32_304.jpg,0,1,0,22.38444
C:\Users\PC\Documents\micro\IMG\center_2025_08_06_10_24_32_508.jpg,C:\Users\PC\Documents\micro\IMG\left_2025_08_06_10_24_32_508.jpg,C:\Users\PC\Documents\micro\IMG\right_2025_08_06_10_24_32_508.jpg,0,0.3837253,0,23.03827
C:\Users\PC\Documents\micro\IMG\center_2025_08_06_10_24_32_724.jpg,C:\Users\PC\Documents\micro\IMG\left_2025_08_06_10_24_32_724.jpg,C:\Users\PC\Documents\micro\IMG\right_2025_08_06_10_24_32_724.jpg,0,0,0,22.60337
C:\Users\PC\Documents\micro\IMG\center_2025_08_06_10_24_32_947.jpg,C:\Users\PC\Documents\micro\IMG\left_2025_08_06_10_24_32_947.jpg,C:\Users\PC\Documents\micro\IMG\right_2025_08_06_10_24_32_947.jpg,0,0,0,22.06409
C:\Users\PC\Documents\micro\IMG\center_2025_08_06_10_24_33_156.jpg,C:\Users\PC\Documents\micro\IMG\left_2025_08_06_10_24_33_156.jpg,C:\Users\PC\Documents\micro\IMG\right_2025_08_06_10_24_33_156.jpg,-0.5000001,0.6270258,0,22.91303
C:\Users\PC\Documents\micro\IMG\center_2025_08_06_10_24_33_364.jpg,C:\Users\PC\Documents\micro\IMG\left_2025_08_06_10_24_33_364.jpg,C:\Users\PC\Documents\micro\IMG\right_2025_08_06_10_24_33_364.jpg,0,0.002764821,0,22.47241
C:\Users\PC\Documents\micro\IMG\center_2025_08_06_10_24_33_575.jpg,C:\Users\PC\Documents\micro\IMG\left_2025_08_06_10_24_33_575.jpg,C:\Users\PC\Documents\micro\IMG\right_2025_08_06_10_24_33_575.jpg,0,0,0,22.02316
C:\Users\PC\Documents\micro\IMG\center_2025_08_06_10_24_33_784.jpg,C:\Users\PC\Documents\micro\IMG\left_2025_08_06_10_24_33_784.jpg,C:\Users\PC\Documents\micro\IMG\right_2025_08_06_10_24_33_784.jpg,0,0,0,21.61904
C:\Users\PC\Documents\micro\IMG\center_2025_08_06_10_24_33_998.jpg,C:\Users\PC\Documents\micro\IMG\left_2025_08_06_10_24_33_998.jpg,C:\Users\PC\Documents\micro\IMG\right_2025_08_06_10_24_33_998.jpg,0,0,0,20.97533
C:\Users\PC\Documents\micro\IMG\center_2025_08_06_10_24_34_253.jpg,C:\Users\PC\Documents\micro\IMG\left_2025_08_06_10_24_34_253.jpg,C:\Users\PC\Documents\micro\IMG\right_2025_08_06_10_24_34_253.jpg,0,0,0,20.67094
C:\Users\PC\Documents\micro\IMG\center_2025_08_06_10_24_34_460.jpg,C:\Users\PC\Documents\micro\IMG\left_2025_08_06_10_24_34_460.jpg,C:\Users\PC\Documents\micro\IMG\right_2025_08_06_10_24_34_460.jpg,0,0,0,20.26853
C:\Users\PC\Documents\micro\IMG\center_2025_08_06_10_24_34_679.jpg,C:\Users\PC\Documents\micro\IMG\left_2025_08_06_10_24_34_679.jpg,C:\Users\PC\Documents\micro\IMG\right_2025_08_06_10_24_34_679.jpg,0,0,0,19.47138
C:\Users\PC\Documents\micro\IMG\center_2025_08_06_10_24_34_900.jpg,C:\Users\PC\Documents\micro\IMG\left_2025_08_06_10_24_34_900.jpg,C:\Users\PC\Documents\micro\IMG\right_2025_08_06_10_24_34_900.jpg,0,0,0,19.43269
C:\Users\PC\Documents\micro\IMG\center_2025_08_06_10_24_35_114.jpg,C:\Users\PC\Documents\micro\IMG\left_2025_08_06_10_24_35_114.jpg,C:\Users\PC\Documents\micro\IMG\right_2025_08_06_10_24_35_114.jpg,0,0,0,18.55274
C:\Users\PC\Documents\micro\IMG\center_2025_08_06_10_24_35_344.jpg,C:\Users\PC\Documents\micro\IMG\left_2025_08_06_10_24_35_344.jpg,C:\Users\PC\Documents\micro\IMG\right_2025_08_06_10_24_35_344.jpg,0,0.6869364,0,20.24022
C:\Users\PC\Documents\micro\IMG\center_2025_08_06_10_24_35_561.jpg,C:\Users\PC\Documents\micro\IMG\left_2025_08_06_10_24_35_561.jpg,C:\Users\PC\Documents\micro\IMG\right_2025_08_06_10_24_35_561.jpg,0,0.03611219,0,19.70518
C:\Users\PC\Documents\micro\IMG\center_2025_08_06_10_24_35_764.jpg,C:\Users\PC\Documents\micro\IMG\left_2025_08_06_10_24_35_764.jpg,C:\Users\PC\Documents\micro\IMG\right_2025_08_06_10_24_35_764.jpg,0,0,0,19.28464
C:\Users\PC\Documents\micro\IMG\center_2025_08_06_10_24_35_972.jpg,C:\Users\PC\Documents\micro\IMG\left_2025_08_06_10_24_35_972.jpg,C:\Users\PC\Documents\micro\IMG\right_2025_08_06_10_24_35_972.jpg,0,0,0,19.26103
C:\Users\PC\Documents\micro\IMG\center_2025_08_06_10_24_36_181.jpg,C:\Users\PC\Documents\micro\IMG\left_2025_08_06_10_24_36_181.jpg,C:\Users\PC\Documents\micro\IMG\right_2025_08_06_10_24_36_181.jpg,-0.5000001,0.6287718,0,20.05419
C:\Users\PC\Documents\micro\IMG\center_2025_08_06_10_24_36_388.jpg,C:\Users\PC\Documents\micro\IMG\left_2025_08_06_10_24_36_388.jpg,C:\Users\PC\Documents\micro\IMG\right_2025_08_06_10_24_36_388.jpg,-1,1,0,21.4314
C:\Users\PC\Documents\micro\IMG\center_2025_08_06_10_24_36_602.jpg,C:\Users\PC\Documents\micro\IMG\left_2025_08_06_10_24_36_602.jpg,C:\Users\PC\Documents\micro\IMG\right_2025_08_06_10_24_36_602.jpg,0,0.3574168,0,21.83652
C:\Users\PC\Documents\micro\IMG\center_2025_08_06_10_24_36_867.jpg,C:\Users\PC\Documents\micro\IMG\left_2025_08_06_10_24_36_867.jpg,C:\Users\PC\Documents\micro\IMG\right_2025_08_06_10_24_36_867.jpg,0,0,0,21.15185
C:\Users\PC\Documents\micro\IMG\center_2025_08_06_10_24_37_054.jpg,C:\Users\PC\Documents\micro\IMG\left_2025_08_06_10_24_37_054.jpg,C:\Users\PC\Documents\micro\IMG\right_2025_08_06_10_24_37_054.jpg,0,0,0,20.7026
C:\Users\PC\Documents\micro\IMG\center_2025_08_06_10_24_37_248.jpg,C:\Users\PC\Documents\micro\IMG\left_2025_08_06_10_24_37_248.jpg,C:\Users\PC\Documents\micro\IMG\right_2025_08_06_10_24_37_248.jpg,0,0,0,20.1976
C:\Users\PC\Documents\micro\IMG\center_2025_08_06_10_24_37_451.jpg,C:\Users\PC\Documents\micro\IMG\left_2025_08_06_10_24_37_451.jpg,C:\Users\PC\Documents\micro\IMG\right_2025_08_06_10_24_37_451.jpg,0,0,0,19.7647
C:\Users\PC\Documents\micro\IMG\center_2025_08_06_10_24_37_648.jpg,C:\Users\PC\Documents\micro\IMG\left_2025_08_06_10_24_37_648.jpg,C:\Users\PC\Documents\micro\IMG\right_2025_08_06_10_24_37_648.jpg,0,0,0,19.31959
C:\Users\PC\Documents\micro\IMG\center_2025_08_06_10_24_37_853.jpg,C:\Users\PC\Documents\micro\IMG\left_2025_08_06_10_24_37_853.jpg,C:\Users\PC\Documents\micro\IMG\right_2025_08_06_10_24_37_853.jpg,0,0,0,18.89156
C:\Users\PC\Documents\micro\IMG\center_2025_08_06_10_24_38_048.jpg,C:\Users\PC\Documents\micro\IMG\left_2025_08_06_10_24_38_048.jpg,C:\Users\PC\Documents\micro\IMG\right_2025_08_06_10_24_38_048.jpg,0,0,0,18.62313
C:\Users\PC\Documents\micro\IMG\center_2025_08_06_10_24_38_276.jpg,C:\Users\PC\Documents\micro\IMG\left_2025_08_06_10_24_38_276.jpg,C:\Users\PC\Documents\micro\IMG\right_2025_08_06_10_24_38_276.jpg,0,0,0,18.15029
C:\Users\PC\Documents\micro\IMG\center_2025_08_06_10_24_38_503.jpg,C:\Users\PC\Documents\micro\IMG\left_2025_08_06_10_24_38_503.jpg,C:\Users\PC\Documents\micro\IMG\right_2025_08_06_10_24_38_503.jpg,0,0,0,17.69602
C:\Users\PC\Documents\micro\IMG\center_2025_08_06_10_24_38_682.jpg,C:\Users\PC\Documents\micro\IMG\left_2025_08_06_10_24_38_682.jpg,C:\Users\PC\Documents\micro\IMG\right_2025_08_06_10_24_38_682.jpg,0,0,0,17.39105
C:\Users\PC\Documents\micro\IMG\center_2025_08_06_10_24_38_845.jpg,C:\Users\PC\Documents\micro\IMG\left_2025_08_06_10_24_38_845.jpg,C:\Users\PC\Documents\micro\IMG\right_2025_08_06_10_24_38_845.jpg,0,0,0,17.09431
C:\Users\PC\Documents\micro\IMG\center_2025_08_06_10_24_39_043.jpg,C:\Users\PC\Documents\micro\IMG\left_2025_08_06_10_24_39_043.jpg,C:\Users\PC\Documents\micro\IMG\right_2025_08_06_10_24_39_043.jpg,0,0,0,16.73014
C:\Users\PC\Documents\micro\IMG\center_2025_08_06_10_24_39_239.jpg,C:\Users\PC\Documents\micro\IMG\left_2025_08_06_10_24_39_239.jpg,C:\Users\PC\Documents\micro\IMG\right_2025_08_06_10_24_39_239.jpg,0,0,0,16.36869
C:\Users\PC\Documents\micro\IMG\center_2025_08_06_10_24_39_436.jpg,C:\Users\PC\Documents\micro\IMG\left_2025_08_06_10_24_39_436.jpg,C:\Users\PC\Documents\micro\IMG\right_2025_08_06_10_24_39_436.jpg,0,0,0,15.99776
C:\Users\PC\Documents\micro\IMG\center_2025_08_06_10_24_39_665.jpg,C:\Users\PC\Documents\micro\IMG\left_2025_08_06_10_24_39_665.jpg,C:\Users\PC\Documents\micro\IMG\right_2025_08_06_10_24_39_665.jpg,0,0,0,15.55691
C:\Users\PC\Documents\micro\IMG\center_2025_08_06_10_24_39_852.jpg,C:\Users\PC\Documents\micro\IMG\left_2025_08_06_10_24_39_852.jpg,C:\Users\PC\Documents\micro\IMG\right_2025_08_06_10_24_39_852.jpg,0,0,0,15.30901
C:\Users\PC\Documents\micro\IMG\center_2025_08_06_10_24_40_053.jpg,C:\Users\PC\Documents\micro\IMG\left_2025_08_06_10_24_40_053.jpg,C:\Users\PC\Documents\micro\IMG\right_2025_08_06_10_24_40_053.jpg,0,0,0,14.93338
C:\Users\PC\Documents\micro\IMG\center_2025_08_06_10_24_40_253.jpg,C:\Users\PC\Documents\micro\IMG\left_2025_08_06_10_24_40_253.jpg,C:\Users\PC\Documents\micro\IMG\right_2025_08_06_10_24_40_253.jpg,0,0,0,14.60883
C:\Users\PC\Documents\micro\IMG\center_2025_08_06_10_24_40_444.jpg,C:\Users\PC\Documents\micro\IMG\left_2025_08_06_10_24_40_444.jpg,C:\Users\PC\Documents\micro\IMG\right_2025_08_06_10_24_40_444.jpg,0,0,0,14.35251
C:\Users\PC\Documents\micro\IMG\center_2025_08_06_10_24_40_631.jpg,C:\Users\PC\Documents\micro\IMG\left_2025_08_06_10_24_40_631.jpg,C:\Users\PC\Documents\micro\IMG\right_2025_08_06_10_24_40_631.jpg,0,0,0,14.23671
C:\Users\PC\Documents\micro\IMG\center_2025_08_06_10_24_40_834.jpg,C:\Users\PC\Documents\micro\IMG\left_2025_08_06_10_24_40_834.jpg,C:\Users\PC\Documents\micro\IMG\right_2025_08_06_10_24_40_834.jpg,0,0,0,13.88546
C:\Users\PC\Documents\micro\IMG\center_2025_08_06_10_24_41_049.jpg,C:\Users\PC\Documents\micro\IMG\left_2025_08_06_10_24_41_049.jpg,C:\Users\PC\Documents\micro\IMG\right_2025_08_06_10_24_41_049.jpg,0,0,0,13.61378
C:\Users\PC\Documents\micro\IMG\center_2025_08_06_10_24_41_228.jpg,C:\Users\PC\Documents\micro\IMG\left_2025_08_06_10_24_41_228.jpg,C:\Users\PC\Documents\micro\IMG\right_2025_08_06_10_24_41_228.jpg,0,0,0,13.3646
C:\Users\PC\Documents\micro\IMG\center_2025_08_06_10_24_41_433.jpg,C:\Users\PC\Documents\micro\IMG\left_2025_08_06_10_24_41_433.jpg,C:\Users\PC\Documents\micro\IMG\right_2025_08_06_10_24_41_433.jpg,0,0,0,13.09514
C:\Users\PC\Documents\micro\IMG\center_2025_08_06_10_24_41_621.jpg,C:\Users\PC\Documents\micro\IMG\left_2025_08_06_10_24_41_621.jpg,C:\Users\PC\Documents\micro\IMG\right_2025_08_06_10_24_41_621.jpg,0,0,0,12.83041
C:\Users\PC\Documents\micro\IMG\center_2025_08_06_10_24_41_818.jpg,C:\Users\PC\Documents\micro\IMG\left_2025_08_06_10_24_41_818.jpg,C:\Users\PC\Documents\micro\IMG\right_2025_08_06_10_24_41_818.jpg,0,0,0,12.57127
C:\Users\PC\Documents\micro\IMG\center_2025_08_06_10_24_42_006.jpg,C:\Users\PC\Documents\micro\IMG\left_2025_08_06_10_24_42_006.jpg,C:\Users\PC\Documents\micro\IMG\right_2025_08_06_10_24_42_006.jpg,0,0,0,12.34613
C:\Users\PC\Documents\micro\IMG\center_2025_08_06_10_24_42_195.jpg,C:\Users\PC\Documents\micro\IMG\left_2025_08_06_10_24_42_195.jpg,C:\Users\PC\Documents\micro\IMG\right_2025_08_06_10_24_42_195.jpg,0,0,0,12.11385
C:\Users\PC\Documents\micro\IMG\center_2025_08_06_10_24_42_412.jpg,C:\Users\PC\Documents\micro\IMG\left_2025_08_06_10_24_42_412.jpg,C:\Users\PC\Documents\micro\IMG\right_2025_08_06_10_24_42_412.jpg,-0.5500001,0.6548211,0,13.58085
C:\Users\PC\Documents\micro\IMG\center_2025_08_06_10_24_42_592.jpg,C:\Users\PC\Documents\micro\IMG\left_2025_08_06_10_24_42_592.jpg,C:\Users\PC\Documents\micro\IMG\right_2025_08_06_10_24_42_592.jpg,0,0.1139664,0,13.31087
C:\Users\PC\Documents\micro\IMG\center_2025_08_06_10_24_42_822.jpg,C:\Users\PC\Documents\micro\IMG\left_2025_08_06_10_24_42_822.jpg,C:\Users\PC\Documents\micro\IMG\right_2025_08_06_10_24_42_822.jpg,0,0,0,13.28176
C:\Users\PC\Documents\micro\IMG\center_2025_08_06_10_24_42_988.jpg,C:\Users\PC\Documents\micro\IMG\left_2025_08_06_10_24_42_988.jpg,C:\Users\PC\Documents\micro\IMG\right_2025_08_06_10_24_42_988.jpg,0,0,0,13.09249
C:\Users\PC\Documents\micro\IMG\center_2025_08_06_10_24_43_184.jpg,C:\Users\PC\Documents\micro\IMG\left_2025_08_06_10_24_43_184.jpg,C:\Users\PC\Documents\micro\IMG\right_2025_08_06_10_24_43_184.jpg,0,0,0,12.79676
C:\Users\PC\Documents\micro\IMG\center_2025_08_06_10_24_43_380.jpg,C:\Users\PC\Documents\micro\IMG\left_2025_08_06_10_24_43_380.jpg,C:\Users\PC\Documents\micro\IMG\right_2025_08_06_10_24_43_380.jpg,0,0,0,12.5483
C:\Users\PC\Documents\micro\IMG\center_2025_08_06_10_24_43_564.jpg,C:\Users\PC\Documents\micro\IMG\left_2025_08_06_10_24_43_564.jpg,C:\Users\PC\Documents\micro\IMG\right_2025_08_06_10_24_43_564.jpg,0,0,0,12.07714
C:\Users\PC\Documents\micro\IMG\center_2025_08_06_10_24_43_759.jpg,C:\Users\PC\Documents\micro\IMG\left_2025_08_06_10_24_43_759.jpg,C:\Users\PC\Documents\micro\IMG\right_2025_08_06_10_24_43_759.jpg,0,0,0,11.84563
C:\Users\PC\Documents\micro\IMG\center_2025_08_06_10_24_43_994.jpg,C:\Users\PC\Documents\micro\IMG\left_2025_08_06_10_24_43_994.jpg,C:\Users\PC\Documents\micro\IMG\right_2025_08_06_10_24_43_994.jpg,0,0.7050204,0,13.70373
C:\Users\PC\Documents\micro\IMG\center_2025_08_06_10_24_44_169.jpg,C:\Users\PC\Documents\micro\IMG\left_2025_08_06_10_24_44_169.jpg,C:\Users\PC\Documents\micro\IMG\right_2025_08_06_10_24_44_169.jpg,0,0.1773072,0,13.74628
C:\Users\PC\Documents\micro\IMG\center_2025_08_06_10_24_44_365.jpg,C:\Users\PC\Documents\micro\IMG\left_2025_08_06_10_24_44_365.jpg,C:\Users\PC\Documents\micro\IMG\right_2025_08_06_10_24_44_365.jpg,0,0,0,13.51973
C:\Users\PC\Documents\micro\IMG\center_2025_08_06_10_24_44_565.jpg,C:\Users\PC\Documents\micro\IMG\left_2025_08_06_10_24_44_565.jpg,C:\Users\PC\Documents\micro\IMG\right_2025_08_06_10_24_44_565.jpg,0,0,0,13.19184
C:\Users\PC\Documents\micro\IMG\center_2025_08_06_10_24_44_754.jpg,C:\Users\PC\Documents\micro\IMG\left_2025_08_06_10_24_44_754.jpg,C:\Users\PC\Documents\micro\IMG\right_2025_08_06_10_24_44_754.jpg,0,0,0,12.93622
C:\Users\PC\Documents\micro\IMG\center_2025_08_06_10_24_44_974.jpg,C:\Users\PC\Documents\micro\IMG\left_2025_08_06_10_24_44_974.jpg,C:\Users\PC\Documents\micro\IMG\right_2025_08_06_10_24_44_974.jpg,0,0,0,12.87164
C:\Users\PC\Documents\micro\IMG\center_2025_08_06_10_24_45_147.jpg,C:\Users\PC\Documents\micro\IMG\left_2025_08_06_10_24_45_147.jpg,C:\Users\PC\Documents\micro\IMG\right_2025_08_06_10_24_45_147.jpg,-0.4,0.5194971,0,13.52666
C:\Users\PC\Documents\micro\IMG\center_2025_08_06_10_24_45_345.jpg,C:\Users\PC\Documents\micro\IMG\left_2025_08_06_10_24_45_345.jpg,C:\Users\PC\Documents\micro\IMG\right_2025_08_06_10_24_45_345.jpg,-0.9000002,1,0,15.23063
C:\Users\PC\Documents\micro\IMG\center_2025_08_06_10_24_45_553.jpg,C:\Users\PC\Documents\micro\IMG\left_2025_08_06_10_24_45_553.jpg,C:\Users\PC\Documents\micro\IMG\right_2025_08_06_10_24_45_553.jpg,0,0.3718636,0,15.97707
C:\Users\PC\Documents\micro\IMG\center_2025_08_06_10_24_45_751.jpg,C:\Users\PC\Documents\micro\IMG\left_2025_08_06_10_24_45_751.jpg,C:\Users\PC\Documents\micro\IMG\right_2025_08_06_10_24_45_751.jpg,0,0,0,15.32662
C:\Users\PC\Documents\micro\IMG\center_2025_08_06_10_24_45_959.jpg,C:\Users\PC\Documents\micro\IMG\left_2025_08_06_10_24_45_959.jpg,C:\Users\PC\Documents\micro\IMG\right_2025_08_06_10_24_45_959.jpg,0,0,0,15.51912
C:\Users\PC\Documents\micro\IMG\center_2025_08_06_10_24_46_153.jpg,C:\Users\PC\Documents\micro\IMG\left_2025_08_06_10_24_46_153.jpg,C:\Users\PC\Documents\micro\IMG\right_2025_08_06_10_24_46_153.jpg,0,0,0,15.21543
C:\Users\PC\Documents\micro\IMG\center_2025_08_06_10_24_46_348.jpg,C:\Users\PC\Documents\micro\IMG\left_2025_08_06_10_24_46_348.jpg,C:\Users\PC\Documents\micro\IMG\right_2025_08_06_10_24_46_348.jpg,0,0,0,14.43594
C:\Users\PC\Documents\micro\IMG\center_2025_08_06_10_24_46_542.jpg,C:\Users\PC\Documents\micro\IMG\left_2025_08_06_10_24_46_542.jpg,C:\Users\PC\Documents\micro\IMG\right_2025_08_06_10_24_46_542.jpg,0,0,0,14.13966
C:\Users\PC\Documents\micro\IMG\center_2025_08_06_10_24_46_733.jpg,C:\Users\PC\Documents\micro\IMG\left_2025_08_06_10_24_46_733.jpg,C:\Users\PC\Documents\micro\IMG\right_2025_08_06_10_24_46_733.jpg,0,0,0,13.87794
C:\Users\PC\Documents\micro\IMG\center_2025_08_06_10_24_46_933.jpg,C:\Users\PC\Documents\micro\IMG\left_2025_08_06_10_24_46_933.jpg,C:\Users\PC\Documents\micro\IMG\right_2025_08_06_10_24_46_933.jpg,0,0,0,13.54713
C:\Users\PC\Documents\micro\IMG\center_2025_08_06_10_24_47_160.jpg,C:\Users\PC\Documents\micro\IMG\left_2025_08_06_10_24_47_160.jpg,C:\Users\PC\Documents\micro\IMG\right_2025_08_06_10_24_47_160.jpg,-0.5500001,0.6799203,0,15.16505
C:\Users\PC\Documents\micro\IMG\center_2025_08_06_10_24_47_334.jpg,C:\Users\PC\Documents\micro\IMG\left_2025_08_06_10_24_47_334.jpg,C:\Users\PC\Documents\micro\IMG\right_2025_08_06_10_24_47_334.jpg,0,0.1529925,0,15.16211
C:\Users\PC\Documents\micro\IMG\center_2025_08_06_10_24_47_529.jpg,C:\Users\PC\Documents\micro\IMG\left_2025_08_06_10_24_47_529.jpg,C:\Users\PC\Documents\micro\IMG\right_2025_08_06_10_24_47_529.jpg,0,0,0,14.86183
C:\Users\PC\Documents\micro\IMG\center_2025_08_06_10_24_47_718.jpg,C:\Users\PC\Documents\micro\IMG\left_2025_08_06_10_24_47_718.jpg,C:\Users\PC\Documents\micro\IMG\right_2025_08_06_10_24_47_718.jpg,0,0,0,14.59657
C:\Users\PC\Documents\micro\IMG\center_2025_08_06_10_24_47_912.jpg,C:\Users\PC\Documents\micro\IMG\left_2025_08_06_10_24_47_912.jpg,C:\Users\PC\Documents\micro\IMG\right_2025_08_06_10_24_47_912.jpg,0,0,0,14.35578
C:\Users\PC\Documents\micro\IMG\center_2025_08_06_10_24_48_127.jpg,C:\Users\PC\Documents\micro\IMG\left_2025_08_06_10_24_48_127.jpg,C:\Users\PC\Documents\micro\IMG\right_2025_08_06_10_24_48_127.jpg,0,0,0,14.0284
C:\Users\PC\Documents\micro\IMG\center_2025_08_06_10_24_48_326.jpg,C:\Users\PC\Documents\micro\IMG\left_2025_08_06_10_24_48_326.jpg,C:\Users\PC\Documents\micro\IMG\right_2025_08_06_10_24_48_326.jpg,0,0,0,13.69133
C:\Users\PC\Documents\micro\IMG\center_2025_08_06_10_24_48_515.jpg,C:\Users\PC\Documents\micro\IMG\left_2025_08_06_10_24_48_515.jpg,C:\Users\PC\Documents\micro\IMG\right_2025_08_06_10_24_48_515.jpg,-0.5000001,0,0,13.33896
C:\Users\PC\Documents\micro\IMG\center_2025_08_06_10_24_48_709.jpg,C:\Users\PC\Documents\micro\IMG\left_2025_08_06_10_24_48_709.jpg,C:\Users\PC\Documents\micro\IMG\right_2025_08_06_10_24_48_709.jpg,0,0,0,13.06094
C:\Users\PC\Documents\micro\IMG\center_2025_08_06_10_24_48_894.jpg,C:\Users\PC\Documents\micro\IMG\left_2025_08_06_10_24_48_894.jpg,C:\Users\PC\Documents\micro\IMG\right_2025_08_06_10_24_48_894.jpg,0,0,0,12.72961
C:\Users\PC\Documents\micro\IMG\center_2025_08_06_10_24_49_082.jpg,C:\Users\PC\Documents\micro\IMG\left_2025_08_06_10_24_49_082.jpg,C:\Users\PC\Documents\micro\IMG\right_2025_08_06_10_24_49_082.jpg,0,0,0,12.42265
C:\Users\PC\Documents\micro\IMG\center_2025_08_06_10_24_49_272.jpg,C:\Users\PC\Documents\micro\IMG\left_2025_08_06_10_24_49_272.jpg,C:\Users\PC\Documents\micro\IMG\right_2025_08_06_10_24_49_272.jpg,0,0,0,12.10797
C:\Users\PC\Documents\micro\IMG\center_2025_08_06_10_24_49_475.jpg,C:\Users\PC\Documents\micro\IMG\left_2025_08_06_10_24_49_475.jpg,C:\Users\PC\Documents\micro\IMG\right_2025_08_06_10_24_49_475.jpg,-0.5500001,0,0,11.69346
C:\Users\PC\Documents\micro\IMG\center_2025_08_06_10_24_49_644.jpg,C:\Users\PC\Documents\micro\IMG\left_2025_08_06_10_24_49_644.jpg,C:\Users\PC\Documents\micro\IMG\right_2025_08_06_10_24_49_644.jpg,-0.9500002,0,0,11.26521
C:\Users\PC\Documents\micro\IMG\center_2025_08_06_10_24_49_834.jpg,C:\Users\PC\Documents\micro\IMG\left_2025_08_06_10_24_49_834.jpg,C:\Users\PC\Documents\micro\IMG\right_2025_08_06_10_24_49_834.jpg,-1,0,0,11.02583
C:\Users\PC\Documents\micro\IMG\center_2025_08_06_10_24_50_015.jpg,C:\Users\PC\Documents\micro\IMG\left_2025_08_06_10_24_50_015.jpg,C:\Users\PC\Documents\micro\IMG\right_2025_08_06_10_24_50_015.jpg,-1,0,0,10.89179
C:\Users\PC\Documents\micro\IMG\center_2025_08_06_10_24_50_197.jpg,C:\Users\PC\Documents\micro\IMG\left_2025_08_06_10_24_50_197.jpg,C:\Users\PC\Documents\micro\IMG\right_2025_08_06_10_24_50_197.jpg,-1,0,0,10.66208
C:\Users\PC\Documents\micro\IMG\center_2025_08_06_10_24_50_378.jpg,C:\Users\PC\Documents\micro\IMG\left_2025_08_06_10_24_50_378.jpg,C:\Users\PC\Documents\micro\IMG\right_2025_08_06_10_24_50_378.jpg,-1,0,0,10.4555
C:\Users\PC\Documents\micro\IMG\center_2025_08_06_10_24_50_566.jpg,C:\Users\PC\Documents\micro\IMG\left_2025_08_06_10_24_50_566.jpg,C:\Users\PC\Documents\micro\IMG\right_2025_08_06_10_24_50_566.jpg,-1,0,0,10.24724
C:\Users\PC\Documents\micro\IMG\center_2025_08_06_10_24_50_757.jpg,C:\Users\PC\Documents\micro\IMG\left_2025_08_06_10_24_50_757.jpg,C:\Users\PC\Documents\micro\IMG\right_2025_08_06_10_24_50_757.jpg,-1,0,0,10.01961
C:\Users\PC\Documents\micro\IMG\center_2025_08_06_10_24_50_965.jpg,C:\Users\PC\Documents\micro\IMG\left_2025_08_06_10_24_50_965.jpg,C:\Users\PC\Documents\micro\IMG\right_2025_08_06_10_24_50_965.jpg,-1,0,0,9.780239
C:\Users\PC\Documents\micro\IMG\center_2025_08_06_10_24_51_164.jpg,C:\Users\PC\Documents\micro\IMG\left_2025_08_06_10_24_51_164.jpg,C:\Users\PC\Documents\micro\IMG\right_2025_08_06_10_24_51_164.jpg,0,0,0,9.350986
C:\Users\PC\Documents\micro\IMG\center_2025_08_06_10_24_51_366.jpg,C:\Users\PC\Documents\micro\IMG\left_2025_08_06_10_24_51_366.jpg,C:\Users\PC\Documents\micro\IMG\right_2025_08_06_10_24_51_366.jpg,0,0,0,9.171154
C:\Users\PC\Documents\micro\IMG\center_2025_08_06_10_24_51_577.jpg,C:\Users\PC\Documents\micro\IMG\left_2025_08_06_10_24_51_577.jpg,C:\Users\PC\Documents\micro\IMG\right_2025_08_06_10_24_51_577.jpg,0,0,0,8.971025
C:\Users\PC\Documents\micro\IMG\center_2025_08_06_10_24_51_790.jpg,C:\Users\PC\Documents\micro\IMG\left_2025_08_06_10_24_51_790.jpg,C:\Users\PC\Documents\micro\IMG\right_2025_08_06_10_24_51_790.jpg,0,0,0,8.764059
C:\Users\PC\Documents\micro\IMG\center_2025_08_06_10_24_52_006.jpg,C:\Users\PC\Documents\micro\IMG\left_2025_08_06_10_24_52_006.jpg,C:\Users\PC\Documents\micro\IMG\right_2025_08_06_10_24_52_006.jpg,0,0,0,8.577991
C:\Users\PC\Documents\micro\IMG\center_2025_08_06_10_24_52_221.jpg,C:\Users\PC\Documents\micro\IMG\left_2025_08_06_10_24_52_221.jpg,C:\Users\PC\Documents\micro\IMG\right_2025_08_06_10_24_52_221.jpg,0,0,0,8.377857
C:\Users\PC\Documents\micro\IMG\center_2025_08_06_10_24_52_470.jpg,C:\Users\PC\Documents\micro\IMG\left_2025_08_06_10_24_52_470.jpg,C:\Users\PC\Documents\micro\IMG\right_2025_08_06_10_24_52_470.jpg,0,0,0,8.137665
C:\Users\PC\Documents\micro\IMG\center_2025_08_06_10_24_52_698.jpg,C:\Users\PC\Documents\micro\IMG\left_2025_08_06_10_24_52_698.jpg,C:\Users\PC\Documents\micro\IMG\right_2025_08_06_10_24_52_698.jpg,0.5500001,0,0,7.842489
C:\Users\PC\Documents\micro\IMG\center_2025_08_06_10_24_52_879.jpg,C:\Users\PC\Documents\micro\IMG\left_2025_08_06_10_24_52_879.jpg,C:\Users\PC\Documents\micro\IMG\right_2025_08_06_10_24_52_879.jpg,1,0.5515518,0,8.647067
C:\Users\PC\Documents\micro\IMG\center_2025_08_06_10_24_53_092.jpg,C:\Users\PC\Documents\micro\IMG\left_2025_08_06_10_24_53_092.jpg,C:\Users\PC\Documents\micro\IMG\right_2025_08_06_10_24_53_092.jpg,1,0,0,8.378906
C:\Users\PC\Documents\micro\IMG\center_2025_08_06_10_24_53_298.jpg,C:\Users\PC\Documents\micro\IMG\left_2025_08_06_10_24_53_298.jpg,C:\Users\PC\Documents\micro\IMG\right_2025_08_06_10_24_53_298.jpg,1,0,0,8.160118
C:\Users\PC\Documents\micro\IMG\center_2025_08_06_10_24_53_501.jpg,C:\Users\PC\Documents\micro\IMG\left_2025_08_06_10_24_53_501.jpg,C:\Users\PC\Documents\micro\IMG\right_2025_08_06_10_24_53_501.jpg,1,0,0,7.95714
C:\Users\PC\Documents\micro\IMG\center_2025_08_06_10_24_53_707.jpg,C:\Users\PC\Documents\micro\IMG\left_2025_08_06_10_24_53_707.jpg,C:\Users\PC\Documents\micro\IMG\right_2025_08_06_10_24_53_707.jpg,1,0,0,7.772262
C:\Users\PC\Documents\micro\IMG\center_2025_08_06_10_24_53_927.jpg,C:\Users\PC\Documents\micro\IMG\left_2025_08_06_10_24_53_927.jpg,C:\Users\PC\Documents\micro\IMG\right_2025_08_06_10_24_53_927.jpg,1,0,0,7.569926
C:\Users\PC\Documents\micro\IMG\center_2025_08_06_10_24_54_123.jpg,C:\Users\PC\Documents\micro\IMG\left_2025_08_06_10_24_54_123.jpg,C:\Users\PC\Documents\micro\IMG\right_2025_08_06_10_24_54_123.jpg,1,0,0,7.387455
C:\Users\PC\Documents\micro\IMG\center_2025_08_06_10_24_54_318.jpg,C:\Users\PC\Documents\micro\IMG\left_2025_08_06_10_24_54_318.jpg,C:\Users\PC\Documents\micro\IMG\right_2025_08_06_10_24_54_318.jpg,1,0,0,7.212895
C:\Users\PC\Documents\micro\IMG\center_2025_08_06_10_24_54_506.jpg,C:\Users\PC\Documents\micro\IMG\left_2025_08_06_10_24_54_506.jpg,C:\Users\PC\Documents\micro\IMG\right_2025_08_06_10_24_54_506.jpg,0,0,0,6.900633
C:\Users\PC\Documents\micro\IMG\center_2025_08_06_10_24_54_694.jpg,C:\Users\PC\Documents\micro\IMG\left_2025_08_06_10_24_54_694.jpg,C:\Users\PC\Documents\micro\IMG\right_2025_08_06_10_24_54_694.jpg,-0.5000001,0.5615646,0,8.025283
C:\Users\PC\Documents\micro\IMG\center_2025_08_06_10_24_54_875.jpg,C:\Users\PC\Documents\micro\IMG\left_2025_08_06_10_24_54_875.jpg,C:\Users\PC\Documents\micro\IMG\right_2025_08_06_10_24_54_875.jpg,-0.9500002,1,0,9.817313
C:\Users\PC\Documents\micro\IMG\center_2025_08_06_10_24_55_056.jpg,C:\Users\PC\Documents\micro\IMG\left_2025_08_06_10_24_55_056.jpg,C:\Users\PC\Documents\micro\IMG\right_2025_08_06_10_24_55_056.jpg,0,0.4560976,0,10.5215
C:\Users\PC\Documents\micro\IMG\center_2025_08_06_10_24_55_286.jpg,C:\Users\PC\Documents\micro\IMG\left_2025_08_06_10_24_55_286.jpg,C:\Users\PC\Documents\micro\IMG\right_2025_08_06_10_24_55_286.jpg,0,0,0,10.33177
C:\Users\PC\Documents\micro\IMG\center_2025_08_06_10_24_55_426.jpg,C:\Users\PC\Documents\micro\IMG\left_2025_08_06_10_24_55_426.jpg,C:\Users\PC\Documents\micro\IMG\right_2025_08_06_10_24_55_426.jpg,0,0,0,10.18997
C:\Users\PC\Documents\micro\IMG\center_2025_08_06_10_24_55_612.jpg,C:\Users\PC\Documents\micro\IMG\left_2025_08_06_10_24_55_612.jpg,C:\Users\PC\Documents\micro\IMG\right_2025_08_06_10_24_55_612.jpg,0,0,0,9.989893
C:\Users\PC\Documents\micro\IMG\center_2025_08_06_10_24_55_794.jpg,C:\Users\PC\Documents\micro\IMG\left_2025_08_06_10_24_55_794.jpg,C:\Users\PC\Documents\micro\IMG\right_2025_08_06_10_24_55_794.jpg,0,0,0,9.810555
C:\Users\PC\Documents\micro\IMG\center_2025_08_06_10_24_55_990.jpg,C:\Users\PC\Documents\micro\IMG\left_2025_08_06_10_24_55_990.jpg,C:\Users\PC\Documents\micro\IMG\right_2025_08_06_10_24_55_990.jpg,-0.5000001,0,0,9.535534
C:\Users\PC\Documents\micro\IMG\center_2025_08_06_10_24_56_174.jpg,C:\Users\PC\Documents\micro\IMG\left_2025_08_06_10_24_56_174.jpg,C:\Users\PC\Documents\micro\IMG\right_2025_08_06_10_24_56_174.jpg,-0.9500002,0.5521842,0,10.29977
C:\Users\PC\Documents\micro\IMG\center_2025_08_06_10_24_56_361.jpg,C:\Users\PC\Documents\micro\IMG\left_2025_08_06_10_24_56_361.jpg,C:\Users\PC\Documents\micro\IMG\right_2025_08_06_10_24_56_361.jpg,0,0,0,9.997906
C:\Users\PC\Documents\micro\IMG\center_2025_08_06_10_24_56_553.jpg,C:\Users\PC\Documents\micro\IMG\left_2025_08_06_10_24_56_553.jpg,C:\Users\PC\Documents\micro\IMG\right_2025_08_06_10_24_56_553.jpg,-0.5000001,0,0,9.728777
C:\Users\PC\Documents\micro\IMG\center_2025_08_06_10_24_56_758.jpg,C:\Users\PC\Documents\micro\IMG\left_2025_08_06_10_24_56_758.jpg,C:\Users\PC\Documents\micro\IMG\right_2025_08_06_10_24_56_758.jpg,-1,0.6144549,0,10.70535
C:\Users\PC\Documents\micro\IMG\center_2025_08_06_10_24_56_956.jpg,C:\Users\PC\Documents\micro\IMG\left_2025_08_06_10_24_56_956.jpg,C:\Users\PC\Documents\micro\IMG\right_2025_08_06_10_24_56_956.jpg,-1,1,0,12.74841
C:\Users\PC\Documents\micro\IMG\center_2025_08_06_10_24_57_163.jpg,C:\Users\PC\Documents\micro\IMG\left_2025_08_06_10_24_57_163.jpg,C:\Users\PC\Documents\micro\IMG\right_2025_08_06_10_24_57_163.jpg,-1,1,0,14.70577
C:\Users\PC\Documents\micro\IMG\center_2025_08_06_10_24_57_353.jpg,C:\Users\PC\Documents\micro\IMG\left_2025_08_06_10_24_57_353.jpg,C:\Users\PC\Documents\micro\IMG\right_2025_08_06_10_24_57_353.jpg,0,0.4269067,0,14.94364
C:\Users\PC\Documents\micro\IMG\center_2025_08_06_10_24_57_553.jpg,C:\Users\PC\Documents\micro\IMG\left_2025_08_06_10_24_57_553.jpg,C:\Users\PC\Documents\micro\IMG\right_2025_08_06_10_24_57_553.jpg,0,0,0,14.58031
C:\Users\PC\Documents\micro\IMG\center_2025_08_06_10_24_57_755.jpg,C:\Users\PC\Documents\micro\IMG\left_2025_08_06_10_24_57_755.jpg,C:\Users\PC\Documents\micro\IMG\right_2025_08_06_10_24_57_755.jpg,0,0,0,14.30961
C:\Users\PC\Documents\micro\IMG\center_2025_08_06_10_24_57_998.jpg,C:\Users\PC\Documents\micro\IMG\left_2025_08_06_10_24_57_998.jpg,C:\Users\PC\Documents\micro\IMG\right_2025_08_06_10_24_57_998.jpg,-0.6500001,0.7299417,0,16.2218
C:\Users\PC\Documents\micro\IMG\center_2025_08_06_10_24_58_197.jpg,C:\Users\PC\Documents\micro\IMG\left_2025_08_06_10_24_58_197.jpg,C:\Users\PC\Documents\micro\IMG\right_2025_08_06_10_24_58_197.jpg,0,0.1035458,0,16.04208
C:\Users\PC\Documents\micro\IMG\center_2025_08_06_10_24_58_409.jpg,C:\Users\PC\Documents\micro\IMG\left_2025_08_06_10_24_58_409.jpg,C:\Users\PC\Documents\micro\IMG\right_2025_08_06_10_24_58_409.jpg,0,0,0,15.71109
C:\Users\PC\Documents\micro\IMG\center_2025_08_06_10_24_58_630.jpg,C:\Users\PC\Documents\micro\IMG\left_2025_08_06_10_24_58_630.jpg,C:\Users\PC\Documents\micro\IMG\right_2025_08_06_10_24_58_630.jpg,0,0,0,15.33887
C:\Users\PC\Documents\micro\IMG\center_2025_08_06_10_24_58_840.jpg,C:\Users\PC\Documents\micro\IMG\left_2025_08_06_10_24_58_840.jpg,C:\Users\PC\Documents\micro\IMG\right_2025_08_06_10_24_58_840.jpg,0.5500001,0,0,14.87253
C:\Users\PC\Documents\micro\IMG\center_2025_08_06_10_24_59_065.jpg,C:\Users\PC\Documents\micro\IMG\left_2025_08_06_10_24_59_065.jpg,C:\Users\PC\Documents\micro\IMG\right_2025_08_06_10_24_59_065.jpg,0,0,0,14.53686
C:\Users\PC\Documents\micro\IMG\center_2025_08_06_10_24_59_299.jpg,C:\Users\PC\Documents\micro\IMG\left_2025_08_06_10_24_59_299.jpg,C:\Users\PC\Documents\micro\IMG\right_2025_08_06_10_24_59_299.jpg,0,0,0,14.09149
C:\Users\PC\Documents\micro\IMG\center_2025_08_06_10_24_59_502.jpg,C:\Users\PC\Documents\micro\IMG\left_2025_08_06_10_24_59_502.jpg,C:\Users\PC\Documents\micro\IMG\right_2025_08_06_10_24_59_502.jpg,0,0,0,13.69235
C:\Users\PC\Documents\micro\IMG\center_2025_08_06_10_24_59_709.jpg,C:\Users\PC\Documents\micro\IMG\left_2025_08_06_10_24_59_709.jpg,C:\Users\PC\Documents\micro\IMG\right_2025_08_06_10_24_59_709.jpg,0,0,0,13.30956
C:\Users\PC\Documents\micro\IMG\center_2025_08_06_10_24_59_929.jpg,C:\Users\PC\Documents\micro\IMG\left_2025_08_06_10_24_59_929.jpg,C:\Users\PC\Documents\micro\IMG\right_2025_08_06_10_24_59_929.jpg,0,0,0,13.23499
C:\Users\PC\Documents\micro\IMG\center_2025_08_06_10_25_00_155.jpg,C:\Users\PC\Documents\micro\IMG\left_2025_08_06_10_25_00_155.jpg,C:\Users\PC\Documents\micro\IMG\right_2025_08_06_10_25_00_155.jpg,0,0,0,12.7363
C:\Users\PC\Documents\micro\IMG\center_2025_08_06_10_25_00_392.jpg,C:\Users\PC\Documents\micro\IMG\left_2025_08_06_10_25_00_392.jpg,C:\Users\PC\Documents\micro\IMG\right_2025_08_06_10_25_00_392.jpg,0,0,0,12.41709
C:\Users\PC\Documents\micro\IMG\center_2025_08_06_10_25_00_569.jpg,C:\Users\PC\Documents\micro\IMG\left_2025_08_06_10_25_00_569.jpg,C:\Users\PC\Documents\micro\IMG\right_2025_08_06_10_25_00_569.jpg,0,0.6259734,0,13.69013
C:\Users\PC\Documents\micro\IMG\center_2025_08_06_10_25_00_806.jpg,C:\Users\PC\Documents\micro\IMG\left_2025_08_06_10_25_00_806.jpg,C:\Users\PC\Documents\micro\IMG\right_2025_08_06_10_25_00_806.jpg,0,0,0,13.47691
C:\Users\PC\Documents\micro\IMG\center_2025_08_06_10_25_01_017.jpg,C:\Users\PC\Documents\micro\IMG\left_2025_08_06_10_25_01_017.jpg,C:\Users\PC\Documents\micro\IMG\right_2025_08_06_10_25_01_017.jpg,0,0.6321477,0,14.41903
C:\Users\PC\Documents\micro\IMG\center_2025_08_06_10_25_01_231.jpg,C:\Users\PC\Documents\micro\IMG\left_2025_08_06_10_25_01_231.jpg,C:\Users\PC\Documents\micro\IMG\right_2025_08_06_10_25_01_231.jpg,0,1,0,16.91903
C:\Users\PC\Documents\micro\IMG\center_2025_08_06_10_25_01_443.jpg,C:\Users\PC\Documents\micro\IMG\left_2025_08_06_10_25_01_443.jpg,C:\Users\PC\Documents\micro\IMG\right_2025_08_06_10_25_01_443.jpg,0,0.3597592,0,17.48937
C:\Users\PC\Documents\micro\IMG\center_2025_08_06_10_25_01_653.jpg,C:\Users\PC\Documents\micro\IMG\left_2025_08_06_10_25_01_653.jpg,C:\Users\PC\Documents\micro\IMG\right_2025_08_06_10_25_01_653.jpg,0,0.9902518,0,19.54133
C:\Users\PC\Documents\micro\IMG\center_2025_08_06_10_25_01_862.jpg,C:\Users\PC\Documents\micro\IMG\left_2025_08_06_10_25_01_862.jpg,C:\Users\PC\Documents\micro\IMG\right_2025_08_06_10_25_01_862.jpg,0,1,0,21.72866
C:\Users\PC\Documents\micro\IMG\center_2025_08_06_10_25_02_138.jpg,C:\Users\PC\Documents\micro\IMG\left_2025_08_06_10_25_02_138.jpg,C:\Users\PC\Documents\micro\IMG\right_2025_08_06_10_25_02_138.jpg,0,1,0,24.48733
C:\Users\PC\Documents\micro\IMG\center_2025_08_06_10_25_02_288.jpg,C:\Users\PC\Documents\micro\IMG\left_2025_08_06_10_25_02_288.jpg,C:\Users\PC\Documents\micro\IMG\right_2025_08_06_10_25_02_288.jpg,0,0.546382,0,25.21786
C:\Users\PC\Documents\micro\IMG\center_2025_08_06_10_25_02_500.jpg,C:\Users\PC\Documents\micro\IMG\left_2025_08_06_10_25_02_500.jpg,C:\Users\PC\Documents\micro\IMG\right_2025_08_06_10_25_02_500.jpg,0,1,0,27.06529
C:\Users\PC\Documents\micro\IMG\center_2025_08_06_10_25_02_711.jpg,C:\Users\PC\Documents\micro\IMG\left_2025_08_06_10_25_02_711.jpg,C:\Users\PC\Documents\micro\IMG\right_2025_08_06_10_25_02_711.jpg,0,1,0,29.12109
C:\Users\PC\Documents\micro\IMG\center_2025_08_06_10_25_02_922.jpg,C:\Users\PC\Documents\micro\IMG\left_2025_08_06_10_25_02_922.jpg,C:\Users\PC\Documents\micro\IMG\right_2025_08_06_10_25_02_922.jpg,0,1,0,30.19211
C:\Users\PC\Documents\micro\IMG\center_2025_08_06_10_25_03_132.jpg,C:\Users\PC\Documents\micro\IMG\left_2025_08_06_10_25_03_132.jpg,C:\Users\PC\Documents\micro\IMG\right_2025_08_06_10_25_03_132.jpg,0,1,0,30.19092
C:\Users\PC\Documents\micro\IMG\center_2025_08_06_10_25_03_373.jpg,C:\Users\PC\Documents\micro\IMG\left_2025_08_06_10_25_03_373.jpg,C:\Users\PC\Documents\micro\IMG\right_2025_08_06_10_25_03_373.jpg,0,1,0,30.19086
C:\Users\PC\Documents\micro\IMG\center_2025_08_06_10_25_03_568.jpg,C:\Users\PC\Documents\micro\IMG\left_2025_08_06_10_25_03_568.jpg,C:\Users\PC\Documents\micro\IMG\right_2025_08_06_10_25_03_568.jpg,0,0.4121023,0,30.04132
C:\Users\PC\Documents\micro\IMG\center_2025_08_06_10_25_03_779.jpg,C:\Users\PC\Documents\micro\IMG\left_2025_08_06_10_25_03_779.jpg,C:\Users\PC\Documents\micro\IMG\right_2025_08_06_10_25_03_779.jpg,0,1,0,30.18959
C:\Users\PC\Documents\micro\IMG\center_2025_08_06_10_25_03_990.jpg,C:\Users\PC\Documents\micro\IMG\left_2025_08_06_10_25_03_990.jpg,C:\Users\PC\Documents\micro\IMG\right_2025_08_06_10_25_03_990.jpg,0,1,0,30.19033
C:\Users\PC\Documents\micro\IMG\center_2025_08_06_10_25_04_200.jpg,C:\Users\PC\Documents\micro\IMG\left_2025_08_06_10_25_04_200.jpg,C:\Users\PC\Documents\micro\IMG\right_2025_08_06_10_25_04_200.jpg,-0.5000001,0.370288,0,29.97629
C:\Users\PC\Documents\micro\IMG\center_2025_08_06_10_25_04_405.jpg,C:\Users\PC\Documents\micro\IMG\left_2025_08_06_10_25_04_405.jpg,C:\Users\PC\Documents\micro\IMG\right_2025_08_06_10_25_04_405.jpg,-1,0.9866653,0,30.08938
C:\Users\PC\Documents\micro\IMG\center_2025_08_06_10_25_04_651.jpg,C:\Users\PC\Documents\micro\IMG\left_2025_08_06_10_25_04_651.jpg,C:\Users\PC\Documents\micro\IMG\right_2025_08_06_10_25_04_651.jpg,-1,1,0,30.14878
C:\Users\PC\Documents\micro\IMG\center_2025_08_06_10_25_04_856.jpg,C:\Users\PC\Documents\micro\IMG\left_2025_08_06_10_25_04_856.jpg,C:\Users\PC\Documents\micro\IMG\right_2025_08_06_10_25_04_856.jpg,-1,1,0,30.17098
C:\Users\PC\Documents\micro\IMG\center_2025_08_06_10_25_05_062.jpg,C:\Users\PC\Documents\micro\IMG\left_2025_08_06_10_25_05_062.jpg,C:\Users\PC\Documents\micro\IMG\right_2025_08_06_10_25_05_062.jpg,0,0.3836896,0,28.84025
C:\Users\PC\Documents\micro\IMG\center_2025_08_06_10_25_05_296.jpg,C:\Users\PC\Documents\micro\IMG\left_2025_08_06_10_25_05_296.jpg,C:\Users\PC\Documents\micro\IMG\right_2025_08_06_10_25_05_296.jpg,0,0,0,26.53862
C:\Users\PC\Documents\micro\IMG\center_2025_08_06_10_25_05_517.jpg,C:\Users\PC\Documents\micro\IMG\left_2025_08_06_10_25_05_517.jpg,C:\Users\PC\Documents\micro\IMG\right_2025_08_06_10_25_05_517.jpg,0,0,0,25.52324
C:\Users\PC\Documents\micro\IMG\center_2025_08_06_10_25_05_733.jpg,C:\Users\PC\Documents\micro\IMG\left_2025_08_06_10_25_05_733.jpg,C:\Users\PC\Documents\micro\IMG\right_2025_08_06_10_25_05_733.jpg,0,0,0,25.97443
C:\Users\PC\Documents\micro\IMG\center_2025_08_06_10_25_05_953.jpg,C:\Users\PC\Documents\micro\IMG\left_2025_08_06_10_25_05_953.jpg,C:\Users\PC\Documents\micro\IMG\right_2025_08_06_10_25_05_953.jpg,0,0,0,27.32092
C:\Users\PC\Documents\micro\IMG\center_2025_08_06_10_25_06_172.jpg,C:\Users\PC\Documents\micro\IMG\left_2025_08_06_10_25_06_172.jpg,C:\Users\PC\Documents\micro\IMG\right_2025_08_06_10_25_06_172.jpg,0,0,0,27.36139
C:\Users\PC\Documents\micro\IMG\center_2025_08_06_10_25_06_378.jpg,C:\Users\PC\Documents\micro\IMG\left_2025_08_06_10_25_06_378.jpg,C:\Users\PC\Documents\micro\IMG\right_2025_08_06_10_25_06_378.jpg,0,0,0,27.54196
C:\Users\PC\Documents\micro\IMG\center_2025_08_06_10_25_06_589.jpg,C:\Users\PC\Documents\micro\IMG\left_2025_08_06_10_25_06_589.jpg,C:\Users\PC\Documents\micro\IMG\right_2025_08_06_10_25_06_589.jpg,0,0,0,27.88789
C:\Users\PC\Documents\micro\IMG\center_2025_08_06_10_25_06_786.jpg,C:\Users\PC\Documents\micro\IMG\left_2025_08_06_10_25_06_786.jpg,C:\Users\PC\Documents\micro\IMG\right_2025_08_06_10_25_06_786.jpg,0,0,0,28.07347
C:\Users\PC\Documents\micro\IMG\center_2025_08_06_10_25_06_996.jpg,C:\Users\PC\Documents\micro\IMG\left_2025_08_06_10_25_06_996.jpg,C:\Users\PC\Documents\micro\IMG\right_2025_08_06_10_25_06_996.jpg,0,0,0,28.26689
C:\Users\PC\Documents\micro\IMG\center_2025_08_06_10_25_07_213.jpg,C:\Users\PC\Documents\micro\IMG\left_2025_08_06_10_25_07_213.jpg,C:\Users\PC\Documents\micro\IMG\right_2025_08_06_10_25_07_213.jpg,0,0,0,28.4842
C:\Users\PC\Documents\micro\IMG\center_2025_08_06_10_25_07_458.jpg,C:\Users\PC\Documents\micro\IMG\left_2025_08_06_10_25_07_458.jpg,C:\Users\PC\Documents\micro\IMG\right_2025_08_06_10_25_07_458.jpg,0,0,0,28.74891
C:\Users\PC\Documents\micro\IMG\center_2025_08_06_10_25_07_657.jpg,C:\Users\PC\Documents\micro\IMG\left_2025_08_06_10_25_07_657.jpg,C:\Users\PC\Documents\micro\IMG\right_2025_08_06_10_25_07_657.jpg,0,0,0,28.98344
